ID,Category,Title,Authors,Year,DOI,ArXiv,Abstract,Page Count,Methods,Domain Tags
56,01-Core-DPF,Accelerating kinetic plasma simulations with machine-learning-generated initial conditions,,2026,10.1063/5.0304576,,"Computational models of plasma technologies often solve for the system operating conditions by time-stepping an initial value problem to aquasi-steady solution. However, the strongly nonlinear and multi-timescale nature of plasma dynamics often necessitate millions, or evenhundreds of millions, of steps to reach convergence, reducing the effectiveness of these simulations for computer-aided engineering. We con-sider acceleration of kinetic plasma simulations via data-driven machine-learning-g",18,simulation; experimental; machine_learning,dense_plasma_focus; plasma_physics; nuclear_fusion; machine_learning; turbulence; particle_methods; ai_scientific_discovery
18,01-Core-DPF,Deuterium–argon admixture for plasma focus neutron generation,Muhammad Luqman Haqqim Omar,2026,10.1140/epjp/s13360-026-07342-z,,"The plasma pinch generated by plasma focus discharge features a spatially asymmetric ion acceleration due to the rapidchange of the localized electromagnetic ﬁeld. The neutron emission is attributed to deuteron beam interaction at the proximitiesof the plasma pinch and thermonuclear reaction in the pinch. Neutron is produced by more than the thermonuclear reaction, withtwo phases of neutron emissions clearly identiﬁed to have correlated with at least two different mechanisms. We investigated th",11,experimental,dense_plasma_focus; plasma_physics; nuclear_fusion; diagnostics; electrode_materials
33,01-Core-DPF,JAP25-AR-06283 1..12,,2026,10.1063/5.0311453,,"In this work, the dynamics and formation mechanisms of Z-pinch plasma in a coaxial plasma gun were investigated. By using arrays ofmagnetic probes, calorimeters, and ballistic pendulums, the profiles of current and Lorentz force density, plasma momentum, and kineticenergy were detected. It was revealed that the flow Z-pinch was governed by a radial compression process consisting of two distinct stages.After being ejected from the inter-electrode gap, the plasma was first concentrated in the n",12,experimental; machine_learning,dense_plasma_focus; z_pinch; plasma_physics; nuclear_fusion; diagnostics; electrode_materials
59,01-Core-DPF,On modeling nonlinear phenomena under the,,2026,10.1209/0295-5075/ae3ee1,,"– The quadratic response function (QRF) of a dense plasma in a constant magneticﬁeld to an electromagnetic ﬁeld is considered. To d etermine this function, a self-consistent modelapproach was applied based on the use of the quadratic ﬂuctuation-dissipative theorem (FDT),frequency moments for the quadratic dense plasma reaction function, and explicit approximationfor QRF with a ﬁtting parameter. The conditions of using QRF for the interpretation of lab-oratory experiments on the study of nonl",6,experimental,dense_plasma_focus; plasma_physics; machine_learning
19,01-Core-DPF,"Bennett Vorticity: Analytic solutions to a flowing, nonlinear, Shear-Flow Stabilized Z-pinch equilibrium",Matt Russell,2025,,,,6,experimental,dense_plasma_focus; z_pinch; mhd; plasma_physics; nuclear_fusion; turbulence; physics_informed_ml
26,01-Core-DPF,DPF-Bi-RRT<sup>*</sup>: An Improved Path Planning Algorithm for Complex 3D Environments With Adaptive Sampling and Dual Potential Field Strategy,,2025,,,"This research work, we introduce a path planning algorithm called DPF-Bi-RRT∗whichintegrates a Dual Potential Field mechanism with a Targeted Sampling Strategy to address path planningissues in complex 3D spaces. The algorithm achieves a good trade off between the global path optimizationand precise local obstacle avoidance by combining dual-attraction and dual-repulsion mechanisms. Thealgorithm achieves effective exploration of path regions of high quality by dynamically adjusting thesampl",15,simulation; machine_learning; data_analysis,dense_plasma_focus; machine_learning
57,01-Core-DPF,Deuterium hybrid X-pinch driven by small dense plasma focus,"Jan Novotny,Vojtech Munzar,Jakub Cikhardt,Balzima Cikhardtova,Vojtech Juras,Pavel Kubes,Jakub Malir,Karel Rezac,Daniel Klir",2025,10.1088/1361-6587/ae2d96,,"ThisstudypresentsaproofoftheconceptofadeuteriumhybridX-pinchconfiguration,drivenbya3kJdenseplasmafocus(PFZ-200)attheCzechTechnicalUniversityinPrague.Thesystemconsistsoftwoopposingconicalelectrodesfilledwithdeuteriumgas,formingapoint-likesourceofDDfusionprotonsviaD(d,p)Treactions.Twoaxialanode–cathodegapsof3and5mmwereinvestigated.KeydiagnosticsincludedCR-39-basedprotonimaging,pinholecamera,andenergyspectrometry.ThesmallerA–Kgap(3mm)producedacompact,nearlycircularprotonsourcewithadiameterof1",14,experimental,dense_plasma_focus; z_pinch; plasma_physics; nuclear_fusion; radiation; electrode_materials
11,01-Core-DPF,Double 3 MJ dense plasma focus,,2025,10.1038/s41598-025-96736-7,,"typically composed of deuterium-tritium ( DT), in a controlled environment to sustain fusion reactions11–15. The primary devices used for MCF include Tokamaks, which utilize toroidal (doughnut-shaped) magnetic fields to confine plasma, achieving high stability and temperature. Stellarators employ complex, non-axisymmetric magnetic field geometries to maintain pl",12,experimental,dense_plasma_focus; mhd; plasma_physics; nuclear_fusion; radiation; pulsed_power; electrode_materials; turbulence
12,01-Core-DPF,Experimental investigation of plasma-electrode interactions on the ZaP-HD sheared-flow-stabilized Z-pinch device,Amierul Aqil Khairi; Uri Shumlak,2025,,,,15,experimental; machine_learning,dense_plasma_focus; z_pinch; plasma_physics; nuclear_fusion; radiation; electrode_materials
13,01-Core-DPF,Experimental results and analysis,,2025,10.1038/s41598-025-07939-x,,"accelerated into a multitude of micro beams, which collectively form a second pulse of fast ion beam with higher energies than the first, up to MeV , primarily directed away from the anode1,2. Thus, the first dynamics-induced pulse of fast ion beams is produced just before stagnation, while the second pulse is generated toward the end of the pinch phase, merging from a multitude of instability-produced micro ion beams.In a deuterium or deuterium-–tritium mix, fusion occurs via beam-target fu",12,experimental,dense_plasma_focus; z_pinch; plasma_physics; nuclear_fusion; radiation; electrode_materials
14,01-Core-DPF,Faeton-I: Investigation of plasma dynamics and,,2025,10.21203/rs.3.rs-6466595/v1,,"Faeton-I (F-I) is the highest direct-charged voltage plasma focus (PF), at 100 kV, 1 MA peak current. F-I produces consistent2.5×1010D-D neutrons/shot, over 3 MeV X-rays and ∼350keV deuterons, demonstrating unique combined neutron-gammaenvironment. Its peak neutron yield was recorded at 8×1010neutrons/shot at 12 torr deuterium. The overall best peakdynamics-induced pinch voltage of the F-I was measured at 194 kV. A major difﬁculty anticipated for PF operation athigh-voltage and high-current",15,experimental,dense_plasma_focus; z_pinch; plasma_physics; nuclear_fusion; radiation; electrode_materials
41,01-Core-DPF,Measurement of electric flux emission: a new diagnostic for the dense plasma focus,A B Blagoev,2025,10.1088/1402-4896/adfd1f,,"Thispaperpresentsanoveldiagnostic technique forinvestigating thesymmetry oftheplasmaformation processintheDensePlasmaFocus (DPF)device.TheDPF,ascalablelaboratory plasmadevicedeveloped inthe1960s,hasbeenextensively studiedwithvariousgasfillsandconsidered forabroadrangeofapplications—including commercial fusionenergy,short-lived radioisotopeproduction formedicalimagingandbrachytherapy, nano-scale industrial coatings,anddeep-spacepropulsion. However, achieving reliableandreproducible operation",9,experimental; machine_learning; simulation,dense_plasma_focus; plasma_physics; nuclear_fusion; electrode_materials; turbulence
42,01-Core-DPF,Neutron generation dynamics inside a MA-class dense plasma focus Z-pinch,,2025,10.1063/5.0253547,,"Dense plasma focii (DPFs) are appealing as energy efficient sources of short pulses of ions, neutrons, and x rays. The output of these sourcesis expected to scale with input current ( I4), but has been shown to drop at the MA level [S. K. H. Auluck, “On the failure of neutron yieldscaling in the dense plasma focus, ”Phys. Plasmas 30, 080701 (2023)]. New results on the MegaJOuLe Neutron Imaging Radiography DPFshowed neutron yield production in agreement with the input current scaling beyond th",10,experimental; simulation; machine_learning,dense_plasma_focus; z_pinch; mhd; plasma_physics; nuclear_fusion; pulsed_power; electrode_materials; particle_methods
15,01-Core-DPF,Nitrogen ion irradiation of carbon thin films using a dense plasma focus: enhanced doping and structural modifications,H. P. Wante,2025,10.1140/epjp/s13360-025-06761-8,,"Activated carbons (ACs) are widely used in supercapacitors and batteries due to their high surface area, well-developedporosity, cost-effectiveness, and scalability, making them ideal for commercial energy storage applications. In this study, carbonderived from coconut shells was processed into a thin ﬁlm on a nickel substrate, synthesized via doctor blade deposition, andsubjected to nitrogen ion beam irradiation (6, 12, and 24 shots) using a 3.0 kJ dense plasma focus (PF) device, operated at 2",16,experimental,dense_plasma_focus; plasma_physics; nuclear_fusion; electrode_materials
16,01-Core-DPF,Plasma Physics and Technology,,2025,10.14311/ppt.2025.1.1,,"In this paper, plasma emissions (radiative recombination, bremsstrahlung, and lineradiation) from a mega-joule plasma focus (PF1000) device is studied using the Lee code for nitrogen(N2), oxygen (O 2) and argon (Ar) gases with pressure variation in the range of (0.05–2.5)Torr. Iondensity, plasma velocity, pinch temperature, Joule heating, peak current, and minimum pinch radiusare also obtained with pressure change for each of the gases. It is found that the line radiation ispredominant comp",9,experimental,dense_plasma_focus; plasma_physics; nuclear_fusion; radiation; pulsed_power; electrode_materials
17,01-Core-DPF,稠密等离子体焦点运动过程的理论和数值研究*,SoWise,2025,10.7498/aps.74.20250040,,"1 引 言稠密等离子体焦点(DPF)装置是一种快脉冲(μs量级)、大电流(数百kA到数MA)的等离子体放电装置, 能够以简单高效的放电形式产生高温(~107 K)、高速(105—106 m/s)和高密度(1023—1026 m–3)的等离子体[1,2]. 稠密等离子体焦点不仅可用于工业和科技领域中改善材料表面、制备纳米材料[3–10], 还可作为关键装置应用于国防领域, 例如粒子加速器[11]、空间推进[12,13]、脉冲中子源[14,15]等.DPF最早是20世纪60年代由苏联的Fillpov[1]和美国的Mather[2]独立提出的. 基于探索受控核聚变的需求, 70—90年代欧洲和美国建立了一系列大型MA量级的DPF装置, 如美国的DPF-6装置[16]、法国的Liemeil装置[17]、德国的POSEIDON[18]和SPEED装置[19]、意大利的Frascati装置[20]、波兰的PF-1000装置[21]等, 其D-D中子产额均达到了1011—1012/脉冲(D-T中子产额超过1013/脉冲).近年来, 在国防尖端领域的需求牵引下, 美",10,,dense_plasma_focus; z_pinch; mhd; plasma_physics
8,01-Core-DPF,Journal of Applied Research and Technology,Yolanda G.G.,2024,,,"The fluence of a deuteron beam emitted from three dense plasma focus (DPF) devices, PF -1000, MPEF -12 kJ and PF -2.7 kJ, versus deuterium gas pressure was simulated and studied using the adapted Lee model code (RADPFV6.16FIB). The computed fluences were then compared to the reported measured values of these devices at certain distances from the pinch, where the comparison showed good agreement including within the range of errors. Furthermore, many numerical experiments using the Lee code",12,experimental; simulation,dense_plasma_focus; plasma_physics; nuclear_fusion; electrode_materials
9,01-Core-DPF,NUMERICAL MODELING OF LIQUID WALL FLOWS FOR FUSION,,2024,,,"During the Z-Pinch fusion process, electric current is injected into liquid metal from the plasmacolumn, generating Lorentz forces that deform the liquid metal’s free surface. Modeling this phe-nomenon is essential for assessing the feasibility of using liquid metal as an electrode wall in fusiondevices. Traditionally, such problems, where liquid metal is exposed to electromagnetic forces, aremodeled using magneto-hydrodynamic (MHD) formulation, which is more suitable for cases withoutexter",30,analytical; machine_learning; experimental; simulation,dense_plasma_focus; z_pinch; mhd; plasma_physics; nuclear_fusion; numerical_methods; electrode_materials
46,01-Core-DPF,Poloidal magnetic field in the dense plasma focus,S. K. H. Auluck,2024,10.1063/5.0189593,,,6,experimental; review,dense_plasma_focus; z_pinch; plasma_physics; nuclear_fusion; diagnostics
36,01-Core-DPF,"Received 29 March 2024, accepted 9 April 2024, date of publication 11 April 2024, date of current version 22 April 2024.",,2024,,,"Previous studies on discharge dynamics have primarily focused on the generation and migrationof the charged particles and neglecting the influence of neutral excited-state particles. In this study,an integrated approach combining experiment and simulation was used to investigate the effect of neutralexcited particles on discharge development. Firstly, partial discharge was induced by applying voltage to apin-plate electrode in a darkroom environment and the emission spectrum of discharge was",15,experimental; simulation; machine_learning,dense_plasma_focus; plasma_physics; nuclear_fusion; radiation; numerical_methods; electrode_materials
7,01-Core-DPF,SANDIA REPORT,,2024,,,,38,simulation; machine_learning,dense_plasma_focus; z_pinch; mhd; plasma_physics; radiation; particle_methods
47,01-Core-DPF,Simulations of nozzle gas flow and gas-puff Z-pinch implosions on the Weizmann Z-pinch,,2024,10.1063/5.0202237,,"We present simulations of an oxygen gas puff Z-pinch on a University scale generator at the Weizmann Institute of Science. The workaccounts for the detailed geometry of the nozzle, the initial neutral gas density distribution, and the subsequent implosion. The modelingresults show significant improvement with data for the current at the time of stagnation in comparison with a previous effort [Rosenzweiget al. , Phys. Plasmas 27, 022705 (2020)]. As a first step, we performed simulations of the",9,experimental; simulation; machine_learning,dense_plasma_focus; z_pinch; mhd; plasma_physics; radiation; diagnostics; electrode_materials; circuit_modeling
10,01-Core-DPF,Study of the plasma pinch and ion beam properties,PcMax,2024,10.21203/rs.3.rs-4002830/v1,,"This study presents the results of a series of numerical experiments that were carried out using Lee code in order to study the properties of plasma pinch versus nitrogen gas pressure and its effect on the number and energy of ion beams emitted from the two dense plasma focus devices PF400 and APF. The results showed that the number of nitrogen ions are 7.9 × 1013𝑖𝑜𝑛𝑠 (for PF400) and 3.82×1014𝑖𝑜𝑛𝑠 (for APF) , while the highest beam energy is 18 J for APF, due to the effect of the operatin",17,experimental,dense_plasma_focus; z_pinch; plasma_physics; nuclear_fusion; radiation; pulsed_power; electrode_materials
1,01-Core-DPF,CORRECTIONJournal of Fusion Energy (2023) 42:9,,2023,10.1007/s10894-023-00348-w,,"of this article unfortunately had a mis -print of the unit for highest nτT product. The corrected text should read “the highest nτT product of 3.4 × 10 20 keV-s/m3”. This has been corrected by publishing this correction article.The original version has been updated.Open Access This article is licensed under a Creative Commons Attribution 4.0 International License, which permits use, sharing, The online version of the original article can be found at https://doi.org/10.1007/s10894-023-00",1,,dense_plasma_focus; plasma_physics; nuclear_fusion
2,01-Core-DPF,Focus Fusion: Overview of Progress Towards p-B11 Fusion with the Dense Plasma Focus,Eric J. Lerner,2023,10.1007/s10894-023-00345-z,,"LPPFusion is developing a source of fusion energy using the dense plasma focus device and p-B11fuel, a combination wecall Focus Fusion. So far, this project has led to the achievement of the highest conﬁned ion energies of any fusionexperiment ( [200 keV) as well as, recently, the lowest impurities of any fusion plasma. Among privately-funded fusionefforts, our experiments have achieved the highest ratio of fusion energy generation to device energy input (wall-plugefﬁciency) and the highest n",18,experimental,dense_plasma_focus; plasma_physics; nuclear_fusion; radiation; diagnostics; pulsed_power; electrode_materials
4,01-Core-DPF,Investigation of optical properties and chemical structure of Nd2O3,,2023,10.21203/rs.3.rs-2946288/v1,,"In this study, nanoparticles of neodymium oxide were deposited on NaX zeolite powder using a 5.3 kJ Mather ‒ type plasma focus device.The NaX zeolite samples were exposed to the 10, 15, and 20 shot numbers of the plasma focus device at a distance of 14 cm from theanode tip and 0 angular positions with respect to the anode axis. Parent NaX zeolite and NaX:Nd composites with different Nd2O3 percentweights were characterized using different techniques such as; XRF, XRD, SEM, FT ‒ IR, and UV ‒ vi",12,experimental,dense_plasma_focus; plasma_physics; radiation; electrode_materials
5,01-Core-DPF,On the failure of neutron yield scaling in the Dense Plasma Focus,Avani Avanti,2023,,,Abstract: The observed sc aling of neutron yield in the Dense Plasma Focus (DPF) as the fourth power of the current in the plasma was the princ ipal driver of the growth of DPF research in its early days. Subsequent discovery of f ailure of this scaling law was also the principal reason for its abandonment by major laboratories. Attempts to understand this failure of scaling have so far been inconc lusive. This letter looks at this failure in the context of the recently introduced Genera,13,experimental,dense_plasma_focus; mhd; plasma_physics; nuclear_fusion; pulsed_power; physics_informed_ml
3,01-Core-DPF,S K H Auluck,,2023,,,"Space propulsion is unique among many proposed applications of the Dense Plasma Focus in being critically dependent on the availability of a scaling theory that is well -grounded in physics, in conformity with existing experimental knowledge and applicable to experimentally untested configurations. This paper derives such a first -principles -based scaling theory and illustrates its application to a novel space propulsion c oncept, where the plasma focus sheath is employed as a power densit",61,experimental; machine_learning; review,dense_plasma_focus; z_pinch; mhd; plasma_physics; nuclear_fusion; pulsed_power; electrode_materials
6,01-Core-DPF,SAND2023-05021C,,2023,,,"The Ar Lyβ line intensity is reduced by inner-shell photoionization in the cooler region 4L-shell regionni = 2.5×1019 cm-3Te = 110 eVΔr = 2.6 mm73% total massK-shell regionni = 6.7×1019cm-3Te = 2.45 keVØ2.8mm27% total masshotcore coolblanketexperimentTwo region modelAr Lyα/Heα2.00±20%1.54Ar Lyβ/Heβ0.85±20%0.91Ar Lyγ/Heγ1.20±20%1.32K-shell power (TW/cm)11.4±10%11.5Total power (TW/cm)16±20%16.0Mass (mg/cm)1±10%1.01Radial distance (mm)B. Jones, J.P. Apruzese et al. POP 22, 020706 (2015).Z Shot",13,experimental; simulation,dense_plasma_focus; z_pinch; mhd; plasma_physics; radiation
39,01-Core-DPF,Magnetic confinement of dense plasma inside and outside stellar coronae,"Waugh Rose F. P., Jardine Moira M.,",2022,10.1093/mnras/stac1698,,,13,experimental; machine_learning,dense_plasma_focus; plasma_physics; radiation
44,01-Core-DPF,Plasma and Terahertz-Wave Propagation Characteristics in Atmospheric-Pressure Plasma Jet Under Different Operating Conditions,,2022,10.1109/TAP.2023.3237284,,"High-density plasma source device is of great sig-nificance for ground experiment verification of vehicle reentrycommunication. Atmospheric-pressure plasma jet (APPJ), as ahigh-density plasma source, has received little attention in groundexperiments on vehicle communications. In this article, terahertz(THz)-wave propagation characteristics in APPJ are investigatedby joint simulation of APPJ discharge and THz transport modeland related experimental measurements. THz interferometer(THz-IF",9,experimental; simulation,dense_plasma_focus; plasma_physics; nuclear_fusion; radiation; diagnostics; electrode_materials
20,01-Core-DPF,Building a Sci-Fi Themed Dense Plasma Focus,,2021,,,,25,simulation,dense_plasma_focus; plasma_physics
51,01-Core-DPF,Comparison of measured and computed neutron yield from PF1000 plasma focus device operated with deuterium gas,Mohamad Akel,2021,10.1016/j.radphyschem.2021.109633,,The measured current wave shapes of PF1000 plasma focus discharged at 16 kV in deuterium in the pressure range 1.05 –1.2 Torr are fitted to the computed current wave shapes using the Lee model code. Very good fit is achieved which suggests that the code is configured very well for the PF1000 for these shots. This is borne out by the computed neutron yield arising from each shot agreeing well with the measured yield. The computed average yield of 8 shots at 1.2 Torr is 1.78 ×109 neutrons per,6,experimental,dense_plasma_focus; plasma_physics; nuclear_fusion; radiation; pulsed_power; electrode_materials; circuit_modeling
52,01-Core-DPF,"J. Plasma Phys. (2021), vol.87, 905870401 © The Author(s), 2021.",,2021,10.1017/S0022377821000672,,,23,experimental,dense_plasma_focus; plasma_physics; nuclear_fusion; diagnostics; electrode_materials; turbulence
58,01-Core-DPF,LLNL-JRNL-827704,,2021,,,"A dense plasma focus (DPF) is a relatively compact coaxial plasma gun which completes its discharge as a Z -pinch. These devices are designed to operate at a variety of scales to produce short (<100 ns) pulses of ions, X -rays, and/ or neutrons. LLNL recentl y constructed and brought into operation a new device, the MJOLNIR (MegaJOuLe Neutron Imaging Radiography) DPF, which is designed for radiography and high -yield operations. This device has been commissioned and has achieved neutron",10,experimental; simulation; machine_learning,dense_plasma_focus; plasma_physics; nuclear_fusion; pulsed_power; electrode_materials; circuit_modeling; particle_methods
35,01-Core-DPF,Inference of X-Ray Emission From a Plasma Focus Discharge: Comparison Between Characteristic Parameters and Neural Network Analyses,,2020,,,"Pulsed plasma discharges, such as the plasma focus, are a source of pulsed X rays, therefore it isdesirable to understand the relationship between this fast transient phenomena and the electrical variables ofthe discharge. Parameters from the electrical diagnostic signals are typically used to characterize the plasmafocus discharge and for the correlations with X rays measurements via scatter plots. To further evaluaterelevant information in the electrical signals, besides the characteristic",14,experimental; machine_learning,dense_plasma_focus; plasma_physics; nuclear_fusion; radiation; machine_learning; pulsed_power; electrode_materials
49,01-Core-DPF,Unsteady Plasma Flow Near an Oscillating Rigid Plane Plate Under the Influence of an Unsteady Nonlinear External Magnetic Field,,2020,,,"In an irreversible thermodynamics framework, Stokes’ second problem was examined forunsteady oscillating ﬂow. The objective was to apply that for a plasma near an illimitable oscillating rigidplane plate under the inﬂuence of an unsteady nonlinear applied magnetic ﬁeld. The Bhatnagar-Gross-Krook(BGK) pattern of the Boltzmann kinetic equation supplemented by Maxwell’s equations was investigated.The method of moments was applied with a two-sided distribution function. The exact traveling wave",10,,dense_plasma_focus; plasma_physics; nuclear_fusion
34,01-Core-DPF,Hard X-Ray Emission Detection Using Deep Learning Analysis of the Radiated UHF Electromagnetic Signal From a Plasma Focus Discharge,,2019,,,"A method to determine the presence of hard X-ray emission processes from a dense plasmafocus (205 J, 22 kV, 6.5 mbar H2) using Ultra High Frequency (UHF) measurements and deep learningtechniques is presented. Simultaneously, the electromagnetic UHF radiation emitted from the plasmafocus was measured with a Vivaldi UHF antenna, while the hard X-ray emission was measured witha scintillator-photomultiplier system. A classiﬁcation algorithm based on deep learning methods, usingtwo-dimensional c",10,experimental; machine_learning; data_analysis,dense_plasma_focus; z_pinch; plasma_physics; nuclear_fusion; radiation; machine_learning; pulsed_power; electrode_materials
32,01-Core-DPF,Evolution of a Pinch Column During the Acceleration of Fast Electrons and Deuterons in a Plasma-Focus Discharge,,2018,10.1109/TPS.2018.2874288I,,,7,experimental,dense_plasma_focus; z_pinch; mhd; plasma_physics; nuclear_fusion; radiation; diagnostics; electrode_materials
48,01-Core-DPF,稠密等离子体焦点二维模拟,SoWise,2018,10.11884/HPLPB202436.240001,,* 收稿日期 ：2024-01-03； 修订日期 ：2024-03-19 基金项目 ：国家自然科学基金项 目(12075226 、12205279) 联系方式 ：欧海彬，3038889531@qq.com 。 通信作者 ：段书超，s.duan@163.com 。 第 36 卷第 7 期 强 激 光 与 粒 子 束 Vol. 36，No. 7 2024 年 7 月 HIGH POWER LASER AND PARTICLE BEAMS Jul.，2024 075001-1不如Mather型装置的电极系统紧凑 ，后者为大多数实验室所采用 [5]。1962年，Hart P J [6]提出雪耙模型解释同轴枪 的放电机理 ，该模型将等离子体电流层近似为一个均匀的薄层 ，包含一个电路方程描述电流随时间的变化 ，和一个 动量方程描述等离子体的轴向运动。后来 ，Lee S[7]将电路方程 、动量方程 、能量方程和辐射方程耦合 ，提出五相 Lee模型，分别对轴向加速 、径向内爆 、激波径向反射 、箍缩和膨胀 这5个过程进行描述 ，被广泛用于设 计Mather 型DP,7,simulation; experimental,dense_plasma_focus; mhd; plasma_physics; electrode_materials
24,01-Core-DPF,Numerical Simulation Study of Plasma Flow in the GAMMA10/PDX End‐cell Using a Fluid Code,VM168,2016,10.1002/ctpp.201610062,,,6,simulation; experimental,dense_plasma_focus; plasma_physics; nuclear_fusion; electrode_materials
28,01-Core-DPF,Open Access proceedings Journal of Physics: Conference series,Graham Douglas,2015,10.1088/1742-6596/591/1/012021,,"The dense plasma focus (DPF), a coaxial plasma gun, utilizes pulsed high current electrical discharge to heat and compress the plasma to very high density and temperature with energy densities in the range of 1 -10×1010 J/m3. The DPF device has always been in the company of several alternative magnetic fusion devices as it produces intense fusion neutrons. Several experiments conducted on many different DPF devices ranging over several order of storage energy have demonstrated that at hig",26,experimental,dense_plasma_focus; plasma_physics; nuclear_fusion; pulsed_power; electrode_materials; turbulence
25,01-Core-DPF,zaloga-plazma.indd,b.bursa,2015,10.1515/nuka-2015-0058,,,6,experimental,dense_plasma_focus; plasma_physics; nuclear_fusion; radiation; electrode_materials
29,01-Core-DPF,Design and characterization of the Magnetized Plasma Interaction Experiment (MAGPIE): a new source for plasma--material interaction studies,B D Blackwell et al,2012,10.1088/0963-0252/21/5/055033,,"The Magnetized Plasma Interaction Experiment (MAGPIE) is a versatile helicon sourceplasma device operating in a magnetic hill conﬁguration designed to support a broad range ofresearch activity and is the ﬁrst stage of the Materials Diagnostic Facility at the AustralianNational University. Various material targets can be introduced to study a range ofplasma–material interaction phenomena.Initially, with up to 2.1 kW of RF at 13.56 MHz, argon (1018–1019m−3) and hydrogen (upto 1019m−3at 20 kW) p",8,experimental,dense_plasma_focus; plasma_physics; nuclear_fusion; diagnostics; electrode_materials; turbulence
40,01-Core-DPF,Magnetically Driven Implosions for Inertial Confinement Fusion at Sandia National Laboratories,,2012,10.1109/TPS.2012.2223488national,,,24,experimental; simulation; machine_learning; review,dense_plasma_focus; z_pinch; plasma_physics; nuclear_fusion; radiation; pulsed_power
22,01-Core-DPF,Confinement of Hot Ion Plasma with β = 0.6 in the Gas Dynamic Trap,Lotov,2011,10.13182/FST11-A11568,,"CONFINEMENT OF HOT ION PLASMA WITH ȕ=0.6 IN THE GAS DYNAMIC TRAP P. A. Bagryansky1,2, A. V. Anikeev1,2, A. D. Beklemishev1,2, A. S. Donin1,2, A. A. Ivanov1,2, M. S. Korzhavina2,Yu. V. Kovalenko1,2, E. P. Kruglyakov1, A. A. Lizunov1, V. V. Maximov1,2, S. V. Murakhtin1,2, V. V. Prikhodko1,2,E. I. Pinzhenin2, A. N. Pushkareva2, V. Ya. Savkin1, K. V. Zaytsev21Budker Institute of Nuclear Physics: akademika Lavrentieva prospect/11, Novosibirsk, Russia, 630090 2Novosibirsk State University: Pirogo",6,experimental; simulation,dense_plasma_focus; mhd; plasma_physics; nuclear_fusion; electrode_materials
23,01-Core-DPF,Confinement of Hot Ion Plasma with β = 0.6 in the Gas Dynamic Trap,Lotov,2011,10.13182/FST11-A11568,,"CONFINEMENT OF HOT ION PLASMA WITH ȕ=0.6 IN THE GAS DYNAMIC TRAP P. A. Bagryansky1,2, A. V. Anikeev1,2, A. D. Beklemishev1,2, A. S. Donin1,2, A. A. Ivanov1,2, M. S. Korzhavina2,Yu. V. Kovalenko1,2, E. P. Kruglyakov1, A. A. Lizunov1, V. V. Maximov1,2, S. V. Murakhtin1,2, V. V. Prikhodko1,2,E. I. Pinzhenin2, A. N. Pushkareva2, V. Ya. Savkin1, K. V. Zaytsev21Budker Institute of Nuclear Physics: akademika Lavrentieva prospect/11, Novosibirsk, Russia, 630090 2Novosibirsk State University: Pirogo",6,experimental; simulation,dense_plasma_focus; mhd; plasma_physics; nuclear_fusion; electrode_materials
45,01-Core-DPF,Plasma modelling and numerical simulation.,"J. van Dijk, G.M.W. Kroesen and A. Bogaerts",2009,10.1088/0022-3727/42/19/190301,,"Plasma modelling is an exciting subject in which virtually all physical disciplines arerepresented. Plasma models combine the electromagnetic, statistical and ﬂuid dynamicaltheories that have their roots in the 19th century with the modern insights concerning thestructure of matter that were developed throughout the 20th century.The present cluster issue consists of 20 invited contributions, which are representative ofthe state of the art in plasma modelling and numerical simulation. These con",15,simulation; review; experimental; data_analysis,dense_plasma_focus; plasma_physics; nuclear_fusion
54,01-Core-DPF,Sand2004-5997,,2003,,,"ALEGRA is an arbitrary Lagrangian-Eulerian ﬁnite element code that emphasizeslarge distortion and shock propagation in inviscid ﬂuids and solids. This documentdescribes user options for modeling resistive magnetohydrodynamic, thermal conduc-tion, and radiation emission effects.3AcknowledgmentThe authors wish to acknowledge the contri butions of Kent Budge to early draft versionsof this manual and associated algorithms in th e areas of thermal conduction, emission andopacity modeling.Pave",140,simulation,dense_plasma_focus; mhd
43,01-Core-DPF,TSINGHUA SCIENCE AND TECHNOLOGY,,1999,,,"Although many scientists suggested that the ionized metallic vapor produced in plasma focus plays a significant role in the X ray emission, they did not give a visual image of the metallic vapor. In this paper the evolution of plasma sheath above the anode was recorded with a laser differential interferometer and the metallic vapor produced on the target surface by bombardment of an intense electron beam was observed for the first time. The results can help understanding of the physical proc",3,experimental,dense_plasma_focus; plasma_physics; nuclear_fusion; radiation; electrode_materials
31,01-Core-DPF,Experimental investigation of the critical ionization velocity in gas mixtures,,1978,,,"The critical ionization velocity which is of cosmogonic and astrophysical interest has hitherto mainly been investigated for pure gases. Since in space we always have gas mixtures, it is of interest also to study gas mixtures. The present report, which is a summary of a more detailed report (Axnfis, 1976), summarizes the results of systematic experiments on the critical ionization velocity as a function of the mixing ratio for binary gas mixtures of H2, He, N2, 02, Ne and Ar. The apparatus",8,experimental,dense_plasma_focus; plasma_physics
30,01-Core-DPF,Direct Measurement of a Plasma Flow Velocity Using a Mach Probe in Hanbit Magnetic Mirror Device,,1963,10.13182/FST03-A11963613,,,4,experimental,dense_plasma_focus; plasma_physics; nuclear_fusion; radiation; diagnostics
50,01-Core-DPF,Voltage characteristics of a rotating plasma,,1961,,,"View the article online for updates and enhancements. You may also like On the current density limiting effect in SF6-based mixtures A A Belevtsev, K N Firsov, S Yu Kazantsev et al. -NUMERICAL SIMULATIONS OF Z-PINCH EXPERIMENTS TO CREATE SUPERSONIC DIFFERENTIALLY ROTATING PLASMA FLOWS M. Bocchi, B. Ummels, J. P. Chittenden et al.-Discussion of the deflagration index expression for cylindrical vessel Zhe Song, Peili Zhang, Jianjun Liang et al. -This content was downloaded from IP a",7,experimental,dense_plasma_focus; z_pinch; plasma_physics; nuclear_fusion
53,01-Core-DPF,Assessment of ALEGRA Computation for Magnetostatic Configurations,,,,,"─ A closed-form solution is described here for the equilibrium configurations of the magnetic field in a simple heterogeneous domain. This problem and its solution are used for rigorous assessment of the accuracy of the ALEGRA code in the quasistatic limit. By the equilibrium configuration we understand the static condition, or the stationary states without macroscopic current. The analysis includes quite a general class of 2D solutions for which a linear isotropic metallic matrix is pl",4,simulation; experimental,dense_plasma_focus; mhd; nuclear_fusion
55,01-Core-DPF,Fully Three-dimensional Simulation and Modeling,,,,,"A Dense Plasma Focus (DPF) is a pulsed-powermachine that electromagnetically accelerates and cylindricallycompresses a shocked plasma in a Z-pinch. The pinch results in abrief (∼100 nanosecond) pulse of X-rays, and, for some workinggases, also a pulse of neutrons. A great deal of experimentalresearch has been done into the physics of DPF reactions, andthere exist mathematical models describing its behavior duringthe different time phases of the reaction. Two of the phases,known as the in",7,experimental; simulation; machine_learning,dense_plasma_focus; z_pinch; mhd; plasma_physics; nuclear_fusion; radiation; pulsed_power; electrode_materials; circuit_modeling
37,01-Core-DPF,Kinetic Analysis of Electrode Heating Effects in a Torr Regime Capacitively Coupled Plasma Reactor 2 D Particle in Cell Simulation Study,,,,,,,,dense_plasma_focus; plasma_physics; electrode_materials; particle_methods
38,01-Core-DPF,Lee-paper.pdf,fquarant,,,,,16,,dense_plasma_focus
27,01-Core-DPF,Optimization and Development of a Dense Plasma Focus Simulator,,,,,"This paper outlines the development and optimization of a comprehensive Dense Plasma Focus (DPF) simulator. Thesimulator leverages GPU acceleration via Metal APIs and parallel processing through multi-core CPU optimizations,designed for high-performance computing (HPC) on Apple Silicon systems.",2,simulation,dense_plasma_focus; plasma_physics; machine_learning
21,01-Core-DPF,The Pinch Effect,,,,,,27,,dense_plasma_focus; plasma_physics; nuclear_fusion
75,02-Z-Pinch,Effects of external magnetic fields on the multi-mode Rayleigh–Taylor instability,,2026,10.1063/5.0305344,,"The magneto-Rayleigh –Taylor instability (mRTI) is a key process in inertial confinement fusion and is thought to be widespread in the inter-stellar medium, where it can concentrate plasma into discrete structures. We present resistive MHD simulations of the nonlinear evolution ofmulti-mode mRTI in both two and three dimensions, examining the effects of uniform external magnetic fields oriented either parallel or per-pendicular to the initial interface. In both 2D and 3D, weak parallel fields",24,simulation; analytical; machine_learning,z_pinch; mhd; plasma_physics; nuclear_fusion; turbulence
71,02-Z-Pinch,Effects of parallel magnetic fields on sheaths near biased electrodes in a highly collisional Z-pinch plasma,C. R. Skolar; B. Srinivasan,2026,,,,10,experimental; simulation,z_pinch; plasma_physics; nuclear_fusion; electrode_materials
72,02-Z-Pinch,Explosive eruption cycles in a rotating Z-pinch,David N. Hosking; Luca Swinnerton; Rahul Kesavan,2026,,,,13,experimental; simulation; machine_learning,z_pinch; mhd; plasma_physics; nuclear_fusion; turbulence
73,02-Z-Pinch,The Hall Term and Anomalous Resistivity Effects in Neon Gas-Puff Z-Pinches,A. Rososhek; C. E. Seyler; E. S. Lavine; D. A. Hammer,2026,,,,6,experimental; simulation; machine_learning,z_pinch; mhd; plasma_physics; radiation; pulsed_power; electrode_materials; turbulence
65,02-Z-Pinch,A Comprehensive Analytical Model of the Dynamic Z-Pinch,Alejandro Mesa Dame; Eric S. Lavine; David A. Hammer,2025,,,,24,experimental; analytical; machine_learning; simulation,dense_plasma_focus; z_pinch; mhd; plasma_physics; nuclear_fusion; radiation; diagnostics; electrode_materials
79,02-Z-Pinch,AIP Advances ARTICLE pubs.aip.org/aip/adv,,2025,10.1063/5.0250789,,"The plasma Z-pinch plays a pivotal role in generating bright optical radiation with short wavelengths in Discharge-produced Plasma (DPP)sources, such as capillary discharge-produced and inductively driven electrodeless light sources. In this study, we investigate the Z-pinchdynamics of DPP-based electrodeless light sources using two-dimensional magnetohydrodynamic simulations via the USim code. Meanwhile,the influences of plasma density disturbances and the parametric effects of pulsed curren",11,experimental; simulation,dense_plasma_focus; z_pinch; mhd; plasma_physics; nuclear_fusion; pulsed_power; electrode_materials
66,02-Z-Pinch,Asymptotic scaling laws for the stagnation conditions of Z-pinch implosions,,2025,,,,15,experimental; analytical,z_pinch; plasma_physics; nuclear_fusion; radiation
67,02-Z-Pinch,Bennett Vorticity: A family of nonlinear Shear-Flow Stabilized Z-pinch equilibria,Matt Russell,2025,,,,20,experimental; machine_learning,z_pinch; mhd; plasma_physics; nuclear_fusion; turbulence; physics_informed_ml
68,02-Z-Pinch,Case study of a differentiable heterogeneous multiphysics solver for a nuclear fusion application,Jack B. Coughlin; Archis Joglekar; Jonathan Brodrick; Alexander Lavin,2025,,,"This work presents a case study of a heterogeneous multiphysics solver from thenuclear fusion domain. At the macroscopic scale, an auto-differentiable ODEsolver in JAX computes the evolution of the pulsed power circuit and bulk plasmaparameters for a compressing Z Pinch. The ODE solver requires a closure for theimpedance of the plasma load obtained via root-finding at every timestep, whichwe solve efficiently using gradient-based Newton iteration. However, incorporatingnon-differentiable p",7,simulation; analytical,z_pinch; plasma_physics; nuclear_fusion; radiation; machine_learning; numerical_methods; pulsed_power; electrode_materials; circuit_modeling; ai_scientific_discovery
69,02-Z-Pinch,Impulse-driven transport of liquid metal from z-pinch electrodes and implications for fusion fuel contamination,Daniel P. Weber; Colin S. Adams,2025,,,,13,experimental,z_pinch; mhd; plasma_physics; nuclear_fusion; electrode_materials
70,02-Z-Pinch,Spectroscopic measurements of graphite electrode erosion on the ZaP-HD sheared-flow-stabilized Z-pinch device,Amierul Aqil Khairi; Elyse Lian; Uri Shumlak,2025,,,,10,experimental,z_pinch; plasma_physics; nuclear_fusion; radiation; diagnostics; electrode_materials
63,02-Z-Pinch,DATTA et al.,,2024,,,The FuZE sheared-flow-stabilized Z pinch at Zap Energy is simulated using whole-device modeling employing anaxisymmetric resistive magnetohydrodynamic formulation implemented within the discontinuous Galerkin WARPXM frame-work. Simulations show formation of Z pinches with densities of approximately 1022m-3and total DD fusion neutron rate of107perµs for approximately 2 µs. Simulation-derived synthetic diagnostics show peak currents and voltages within 10% andtotal yield within approximately 3,8,experimental; simulation; machine_learning,z_pinch; mhd; plasma_physics; nuclear_fusion; numerical_methods; diagnostics; pulsed_power; electrode_materials; circuit_modeling
76,02-Z-Pinch,Estimation of gas puff Z-pinch parameters by using snowplow model simulation and the β factor variation,M. E. Abdel-Kader,2024,10.1007/s12648-025-03642-9,,"The gas puff z-pinch device is used to investigate the dynamics of injected plasma by neutral particles; duringthe injection of the plasma by the neutral particles, the temperature is lowered and the plasma density is increased. Thesnowplow model is used to simulate the gas puff z-pinch device and estimate the gas puff pinch parameters. The modeltakes into account the radial compression, the reﬂected shock wave, and the expansion phases. The electric circuit andmomentum equations are used and",10,experimental,z_pinch; mhd; plasma_physics; nuclear_fusion; radiation; pulsed_power; electrode_materials
61,02-Z-Pinch,"IEEE TPS © 2024 IEEE. PERSONAL USE IS PERMITTED, BUT REPUBLICATION/REDISTRIBUTION REQUIRES IEEE PERMISSION. 1",,2024,,,"The Kadomtsev pinch, namely the Z-pinch pro-file marginally stable to interchange modes, is revisited inlight of observations from axisymmetric MHD modeling of theFuZE sheared-flow-stabilized Z-pinch experiment. We show thatKadomtsev’s stability criterion, cleanly derived by the minimumenergy principle but of opaque physical significance, has anintuitive interpretation in the specific entropy analogous tothe Schwarzschild-Ledoux criterion for convective stability ofadiabatic pressure dis",13,simulation; experimental; review,z_pinch; mhd; plasma_physics
82,02-Z-Pinch,Progress on Multielement Spectroscopic Temperature and Impurity Studies on a High Flow Velocity Z-Pinch,,2024,10.1109/TPS.2024.3354119,,,11,experimental,z_pinch; mhd; plasma_physics; nuclear_fusion; radiation; diagnostics
62,02-Z-Pinch,Time-resolved measurement of neutron energy,,2024,,,"Previous measurements of neutron energy using fast plastic scintillatorswhile operating the Fusion Z Pinch Experiment (FuZE) constrained the energy ofany yield-producing deuteron beams to less than 4.65 keV. FuZE has since beenoperated at increasingly higher input power, resulting in increased plasma currentand larger fusion neutron yields. A detailed experimental study of the neutronenergy isotropy in these regimes applies more stringent limits to possible contributionsfrom beam-target fu",16,experimental; simulation,z_pinch; mhd; plasma_physics; nuclear_fusion; uncertainty_quantification; pulsed_power; electrode_materials
64,02-Z-Pinch,Z Pinch Kinetics II AIP/123-QED,,2024,,,,54,experimental,z_pinch; mhd; plasma_physics; nuclear_fusion; diagnostics; turbulence
60,02-Z-Pinch,Impact of the radial density profile on the Z-pinch stability at a microsecond rise time of the driving current,,2023,10.1063/5.0132064,,"This paper considers the instabilities of imploding aluminum metal-puff Z-pinches with an outer plasma shell. An experiment was per-formed on the GIT-12 generator (3.2–3.6 MA, /C241ls implosion times, and /C2415 cm initial Z-pinch radius). It was shown that the density pro-ﬁle of the Z-pinch material had the dominant effect on the growth and suppression of instabilities. Two Z-pinch load conﬁgurations wereused. The ﬁrst conﬁguration provided a tailored density proﬁle (TDP) [A. L. Velikovich et",12,experimental,z_pinch; mhd; plasma_physics; nuclear_fusion; pulsed_power
80,02-Z-Pinch,On the Evolution From Micrometer-Scale Inhomogeneity to Global Overheated Structure During the Intense Joule Heating of a z-Pinch Rod,,2017,10.1109/TPS.2017.2655450azimuthally,,Ultrafast optical microscopy of metal z-pinch rodspulsed with megaampere current is contributing new data andcritical insight into what provides the fundamental seed for themagneto-Rayleigh–Taylor (MRT) instability. A two-frame nearinfrared/visible intensiﬁed-charge-coupled device gated imagerwith 2-ns temporal resolution and 3- µm spatial resolution cap-tured emissions from the nonuniformly Joule heated surfaces ofultrasmooth aluminum (Al) rods. Nonuniform surface emissionsare consistently ﬁr,6,experimental; simulation; machine_learning,z_pinch; mhd; plasma_physics; nuclear_fusion; pulsed_power; electrode_materials
74,02-Z-Pinch,Calculation of the Equilibrium Evolution of the ZaP Flow $Z$ -Pinch Using a Four-Chord Interferometer,,2015,10.1109/TPS.2015.2431973with,,"A four-chord interferometer and measurementsfrom an array of surface-mounted magnetic probes were used inconjunction with equations of radial heat conduction and radialforce balance to calculate the equilibrium evolution of a pinchplasma in the ZaP ﬂow Z-pinch. A multiple shooting method wasused to solve the nonlinear coupled differential equation system,with ohmic heating and bremsstrahlung radiation as sources andsinks, respectively. Data from a single ZaP pulse are reportedincluding proﬁles",11,experimental,z_pinch; mhd; plasma_physics; radiation; diagnostics; pulsed_power
77,02-Z-Pinch,Helicon wave propagation and plasma equilibrium in high-density hydrogen plasma in converging magnetic fields,Juan Fran Caneses,2015,,,Plasma Research Laboratory Research School of Physics and Engineering ANU college of Physical and Mathematical Sciences,263,experimental; simulation,z_pinch; plasma_physics; nuclear_fusion; diagnostics
78,02-Z-Pinch,"Interferometric Characterization of Laboratory Plasma Astrophysical Jets Produced by a 1-<inline-formula> <tex-math notation=""TeX"">$\mu $ </tex-math></inline-formula>s Pulsed Power Driver",,2014,10.1109/TPS.2014.2323575time-resolved,,,2,experimental; simulation,z_pinch; mhd; plasma_physics; pulsed_power; electrode_materials
83,02-Z-Pinch,CitationRESEARCH ARTICLE| AUGUST 16 2006,,2006,10.1063/1.2234284,,"Structure of stagnated plasma in aluminum wire array Z pinchesG. N. HallBlackett Laboratory, Imperial College, London SW7 2BW, United KingdomS. A. Pikuz and T . A. ShelkovenkoLaboratory of Plasma Studies, Cornell University, Ithaca, New York 14853S. N. Bland, S. V. Lebedev, D. J. Ampleford,a/H20850J. B. A. Palmer, S. C. Bott,J. Rapley, and J. P . ChittendenBlackett Laboratory, Imperial College, London SW7 2BW, United KingdomJ. P . ApruzesePlasma Physics Division, Naval Research Laborato",17,experimental,z_pinch; mhd; plasma_physics; nuclear_fusion; radiation
81,02-Z-Pinch,Optical measurements of plasma dynamics in carbon fiber Z-pinches,R. Aliaga-Rossel;S.V. Lebedev;J.P. Chittenden;I.H. Mitchell;R. Saavedra;A.E. Dangor;M.G. Haines,1998,,,"A series of experiments has been carried out onthe Mega Ampere Generator for Plasma Implosion Experiments(MAGPIE) generator in order to study the dynamics of carbonﬁber Z-pinches. The generator was operated at 1.4 MV, with apeak current of 1 MA, and a rise time of 150 ns. In some shots,a current prepulse of about 30 kA was provided to study itsinﬂuence on the dynamics of the ﬁber pinch. Carbon ﬁbers of 7,33, and 300/22/22/22m diameter were used during these experiments.The diagnostics employe",7,experimental; simulation,z_pinch; mhd; plasma_physics; nuclear_fusion; radiation; pulsed_power; electrode_materials
88,03-MHD-Numerics,Asymptotic-preserving semi-implicit finite volume scheme for Extended Magnetohydrodynamics,Yi Han Toh; Joshua Dolence; Karthik Duraisamy,2025,,,"A Finite Volume (FV) scheme is developed for solving the extended magnetohydrodynamic(XMHD) equations, yielding accurate results in the ideal, resistive, and Hall MHD limits.This is accomplished by first re-writing the XMHD equations such that it allows the algo-rithm to retain the use of ideal MHD Riemann solvers and the constrained transport methodto preserve divergence-free magnetic fields. Incorporation of electron inertia and displace-ment current introduces additional numerical stiffn",42,simulation; experimental,z_pinch; mhd; plasma_physics; nuclear_fusion; numerical_methods
94,03-MHD-Numerics,Self-consistent full MHD coupling of JOREK and STARWALL for advanced plasma free boundary simulation,"R Sparago,F J Artola,M Hoelzl",2025,10.1088/1361-6587/adbfb9,,"An adequate modelling of the electromagnetic (EM) interaction of the plasma with thesurrounding conductors is paramount for the correct reproduction of 3D plasma dynamics.Simulations of the latter provide in turn useful predictions regarding the plasma evolution, therelated MHD modes leading to disruptions and the EM forces acting on the vacuum vessel’scomponents when said disruptions occur. The latest modelling efforts with the 3D FEMnon-linear JOREK code have been directed towards the edd",14,simulation; machine_learning; review,mhd; plasma_physics; nuclear_fusion; numerical_methods
86,03-MHD-Numerics,A Structure-Preserving Semi-implicit IMEX Finite Volume Scheme for Ideal Magnetohydrodynamics at all Mach and Alfvén Numbers,Walter Boscheri,2024,10.1007/s10915-024-02606-1,,"We present a divergence-free semi-implicit ﬁnite volume scheme for the simulation of theideal magnetohydrodynamics (MHD) equations which is stable for large time steps con-trolled by the local transport speed at all Mach and Alfvén numbers. An operator splittingtechnique allows to treat the convective terms explicitly while the hydrodynamic pressureand the magnetic ﬁeld contributions are integrated implicitly, yielding two decoupled linearimplicit systems. The linearity of the implicit part is a",38,simulation,mhd; plasma_physics; nuclear_fusion; numerical_methods
91,03-MHD-Numerics,Code-to-code comparison between FLASH and HYDRA in gas-puff Z-pinch modeling,,2024,10.1063/5.0231394,,"The numerical modeling of gas-puff Z pinches involves the nonlinear coupling of a broad range of complex, multi-physics phenomena thatmakes such simulations challenging. The challenge is further compounded by nonlinear instabilities that can impact the dynamics of implod-ing gas-puff Z pinches, such as the magneto Rayleigh –Taylor instability (MRTI). If the growth rate and amplitude of the latter is comparableto the relevant timescales and properties of the imploding plasma, the MRTI can dram",9,experimental; simulation,z_pinch; mhd; plasma_physics; nuclear_fusion; machine_learning; circuit_modeling; numerical_methods
92,03-MHD-Numerics,Interpretative 3D MHD modelling of deuterium SPI into a JET H-mode plasma,"M. Kong,E. Nardon,M. Hoelzl,D. Bonfiglio,D. Hu,S.-J. Lee,R. Samulyak,U. Sheikh,S. Silburn,F.J. Artola,A. Boboc,G. Bodner,P. Carvalho,E. Delabie,J.M. Fontdecaba,S.N. Gerasimov,T.C. Hender,S. Jachmich,D. Kos,K.D. Lawson,S. Pamela,C. Sommariva,. tancar,B. Stein-Lubrano,H.J. Sun,R. Sweeney,G. Szepesi,the JOREK Team",2024,10.1088/1741-4326/ad3b1c,,"The pre-thermal quench (pre-TQ) dynamics of a pure deuterium (D 2) shattered pellet injection(SPI) into a 3MA/ 7MJ JET H-mode plasma is studied via 3D non-linear MHD modelling withthe JOREK code. The interpretative modelling captures the overall evolution of the measureddensity and radiated power. The simulations also identify the importance of the drifts of ablationplasmoids towards the tokamak low field side (LFS) and the impurities in the backgroundplasma in fragment penetration, assimil",24,experimental; simulation; machine_learning,mhd; plasma_physics; nuclear_fusion; numerical_methods
85,03-MHD-Numerics,"MNRAS 000, 000–000 (2023) Preprint 12 July 2024 Compiled using MNRAS L ATEX style file v3.0",,2024,,,"We present a finite-volume, genuinely 4th-order accurate numerical method for solving the equations of resistive relativisticmagnetohydrodynamics (Res-RMHD) in Cartesian coordinates. In our formulation, the magnetic field is evolved in time interms of face-average values via the constrained-transport method while the remaining variables (density, momentum, energyandelectric fields)are advancedas cellvolume-averages. Spatialaccuracyemploys 5th-orderaccurate WENO-Zreconstructionfrompointvalues",17,experimental; simulation,mhd; plasma_physics; numerical_methods; physics_informed_ml
87,03-MHD-Numerics,Near real time 3D Reconstruction of the Solar Coronal Parameters Based,,2024,,,,,,mhd; numerical_methods
89,03-MHD-Numerics,Overleaf Example,,2024,,,"A new three-dimensional, non-linear, non-adiabatic Magnetohydro-dynamics (MHD) model has been implemented in MIPS code, which takes intoaccount the parallel heat diffusivity. The model has been benchmarked againstthe former MHD model used in MIPS code. A preliminary study of the coredensity collapse event (CDC) observed in the Large Helical Device (LHD) plasmahas been performed using the new model. The equilibrium has been constructedusing HINT code for axis β= 4% plasma with a steep press",11,simulation,mhd; plasma_physics; nuclear_fusion; diagnostics; numerical_methods
95,03-MHD-Numerics,Theory and Finite-Element Simulation Methodology of Gas Discharge Plasmas,,2024,,,"This comprehensive research work explores the intricate realm of gas discharge plasmasimulations, offering a profound understanding of its theoretical framework and providing a detaileddescription of the finite-element simulation process in COMSOL Multiphysics software. Firstly, a solidmathematical foundation essential for modeling gas discharge plasmas is established. Subsequently,a detailed finite-element simulation methodology is presented, along with practical guidance on theirimplement",20,experimental; simulation; review,mhd; plasma_physics; nuclear_fusion; radiation; numerical_methods; electrode_materials
84,03-MHD-Numerics,MPI-AMRVAC 3.0: Updates to an open-source simulation framework,"Keppens R., Popescu Braileanu B., Zhou Y., Ruan W., Xia C., Guo Y., Claes N., Bacchini F.",2023,10.1051/0004-6361/202245359,,"Context. Computational astrophysics nowadays routinely combines grid-adaptive capabilities with modern shock-capturing, highresolution spatio-temporal integration schemes in challenging multidimensional hydrodynamic and magnetohydrodynamic (MHD)simulations. A large, and still growing, body of community software exists, and we provide an update on recent developments withinthe open-source MPI-AMRVAC code.Aims. Complete with online documentation, the MPI-AMRVAC 3.0 release includes several rec",31,simulation,mhd; plasma_physics; nuclear_fusion; ai_scientific_discovery; numerical_methods
93,03-MHD-Numerics,"See discussions, st ats, and author pr ofiles f or this public ation at : https://www .researchgate.ne t/public ation/370442241",,2023,10.1063/5.0138221,,"When plasma is compressed by magnetic forces, a pinch phenomenon is observed. Pinch plasma has received signiﬁcant attention as anefﬁcient source of radiation and a way for high-density plasma physics analysis. In this study, a non-ideal magnetohydrodynamics (MHD)model is applied to a smoothed particle hydrodynamics (SPH) framework to analyze pinch plasmas whose local resistivity varies with tem-perature and pressure. The proposed SPH model incorporates several numerical treatments, such as a c",15,simulation,z_pinch; mhd; plasma_physics; numerical_methods
90,03-MHD-Numerics,untitled,,2019,10.1109/TPS.2020.2968887plume,,"A new, charge-conserving, energy-based, openboundary condition (BC) is developed and used to performsteady-state plasma plume simulations. This BC prevents thenumerical instability, which is typically observed for kineticsimulations that employ the traditional outﬂow boundary, andthus allows the fully kinetic plume simulations to reach a steady-state with ﬁnite computational domain sizes. In addition tomodeling a plume with colocated electron–ion sources, the BCis also applied to separated ele",21,simulation,mhd; plasma_physics; electrode_materials; particle_methods; numerical_methods
96,03-MHD-Numerics,Lagrangian Formulation of the Snowplow Model,,,,,"We write down the lagrangian for the snowplow model of the Z pinchsystem. Then, we develop the Euler-Lagrange equations to find out thecorresponding equations of motion. Next, we set a criterion for quantita-tively estimating the performance of Z pinch devices. Finally, we applythis criterion to a specific Z pinch system.",21,experimental,z_pinch; mhd; plasma_physics; nuclear_fusion; pulsed_power; electrode_materials; numerical_methods
110,04-Plasma-Physics,Bridging the gap between collisional andcollisionless plasma shocks: A simulation study using OSIRIS,,2026,10.1063/5.0294460,,"Shock waves in plasma can be characterized according to the physical mechanisms behind their formation. When collisions are frequent, shockdissipation is mainly binary-collision driven, and the shock width (SW) is often comparable to a few mean-free-paths. In contrast, collisionlessshocks rely on collective plasma processes to establish dissipation on scales far below the mean-free-path. The purpose of this study is to bridgethese two regimes. Here, we present simulations using the OSIRIS par",7,simulation,plasma_physics; turbulence; particle_methods
119,04-Plasma-Physics,Effects of impurities on zonal flows in tokamak plasmas,,2026,10.1063/5.0293772,,"Effects of impurities on zonal flows (ZFs) driven by the ion density and temperature perturbations in tokamak plasmas are investigated usinggyrokinetic theory and simulations. The Rosenbluth –Hinton collisionless gyrokinetic model for ZFs is used, with model source termsdesigned to represent the drive from different plasma species in the plasma. For ZFs driven by the main ion density perturbations, thepresence of impurities could decrease the amplitude of ZFs by increasing the total ion mass",8,simulation; experimental; machine_learning,plasma_physics; nuclear_fusion; turbulence; particle_methods
143,04-Plasma-Physics,Particle-in-Cell simulations of lithium redeposition in plasma sheaths under oblique magnetic fields,,2026,10.1063/5.0307230,,"Compact nuclear fusion reactors will require advanced plasma-facing components capable of withstanding the higher heat and neutron fluxescharacteristic of these machines. Liquid metal walls, based for instance on lithium, have emerged as a promising alternative to solid walls.This study investigates lithium redeposition on plasma-facing walls in a deuterium plasma environment using a self-consistent 1D3VParticle-in-Cell code. The model accounts for the interplay between lithium evaporation an",10,experimental; simulation,plasma_physics; nuclear_fusion; electrode_materials; turbulence; particle_methods
144,04-Plasma-Physics,Path integral molecular dynamics: A high-fidelity approach to quantum dynamics of electrons,,2026,10.1063/5.0304026,,"We investigate electron transport in the uniform electron gas using ring-polymer molecular dynamics (RPMD). Working in the weakly cou-pled, non-degenerate regime, we use RPMD to probe how the onset of quantum diffraction effects at high temperature reshapes electron –electron collisions and leads to a classical-to-quantum crossover in macroscopic transport properties. Static thermodynamics obtained withRPMD are consistent with the weak-coupling equation of state, confirming correct quantum Bo",12,simulation; experimental,plasma_physics; nuclear_fusion
150,04-Plasma-Physics,Quantifying reconnection and its dynamical role in2D magnetic Rayleigh–Taylor turbulence,,2026,10.1063/5.0283980,,"Magnetic Rayleigh –Taylor instability (MRTI) governs material transport and mixing in astrophysical and laboratory plasmas under theinfluence of gravity and magnetic fields. While magnetic reconnection is known to occur during MRTI evolution, its role in the evolution andenergy dynamics remains poorly understood. Here, we present a comprehensive analysis of the role of reconnection in the two-dimensionalMRTI dynamics, using high-resolution simulations. We establish that reconnection, through",19,simulation; data_analysis; experimental,mhd; plasma_physics; nuclear_fusion; numerical_methods; turbulence
103,04-Plasma-Physics,A case study of scientific computing with limited precision numbers: Applying rescaling and baseline shifting techniques to a spectral Vlasov–Maxwell code,,2025,10.1063/5.0254812,,"We have developed SpectaVla , a code that solves the multi-dimensional Vlasov –Maxwell equations using the spectral method described inG. L. Delzanno [J. Comp. Phys. 301, 338 (2015)]. This code is designed to take advantage of a chip-scale tensor core optimized for 3D convo-lution with 8-bit fixed-point numbers. The code is benchmarked against theory on a number of fundamental plasma physics problems. Weemploy rescaling and baseline shifting techniques to ensure proper precision of the result",8,simulation,plasma_physics; machine_learning; numerical_methods
161,04-Plasma-Physics,CitationRESEARCH ARTICLE| DECEMBER 01 1972,,2025,10.1063/1.1693881,,,18,,plasma_physics; turbulence
122,04-Plasma-Physics,General kinetic ion-induced electron emission model for metallic walls applied to biased Z-pinch electrodes,,2025,10.1063/5.0261942,,A kinetic ion-induced electron emission (IIEE) model for general applications is developed to obtain the emitted electron energy spectrumfor a distribution of ion impacts on a metallic surface. We assume an ionization cascade mechanism and use empirical models for the ion andelectron stopping powers. The emission spectrum and the secondary electron yield (SEY) are validated for a variety of materials. The IIEEmodel is used to study the effect of IIEE on the plasma-material interactions of Z-p,18,experimental; simulation,z_pinch; plasma_physics; nuclear_fusion; diagnostics; electrode_materials; particle_methods
101,04-Plasma-Physics,Mesh-free sparse identification of nonlinear dynamics,Mars Liyao Gao; J. Nathan Kutz; Bernat Font,2025,,,"Identifying the governing equations of a dynamical system is one of the mostimportant tasks for scientific modeling. However, this procedure often requireshigh-quality spatio-temporal data uniformly sampled on structured grids. In thispaper, we propose mesh-free SINDy, a novel algorithm which leverages the powerof neural network approximation as well as auto-differentiation to identify gov-erning equations from arbitrary sensor placements and non-uniform temporal datasampling. We show that",17,machine_learning; data_analysis; experimental; simulation,plasma_physics; nuclear_fusion; machine_learning; uncertainty_quantification; numerical_methods; ai_scientific_discovery; equation_discovery; physics_informed_ml
155,04-Plasma-Physics,Snowplow Model Predictions for Plasma Temperature in Z pinch Discharges,Miguel Cárdenas; Alejandro Nettle; Leandro Núñez,2025,,,"Using the general framework of the snowplow model, we intro-duce the equations for computing plasma temperature in Z pinchdischarges. We also present expressions to quantify energy trans-fers in Z pinch discharges. We then apply this methodology to es-timate the temperature and energy transfers of a real prototypicalexperiment and analyze how the plasma temperature behaves undervarious modifications of the parameters of the prototypical exper-iment. Among our discoveries we highlight that",35,experimental; machine_learning,dense_plasma_focus; z_pinch; plasma_physics; nuclear_fusion; pulsed_power; electrode_materials
106,04-Plasma-Physics,An Improved Z-Transform Finite Difference Time Domain Method for Electromagnetic Scattering and Plasma Stealth,,2024,,,"The plasma sheath can absorb or reflect electromagnetic waves, thus affecting thecommunication of hypersonic vehicles. The study of attenuation and enhancement of electromagneticscattering by plasma is of great significance. We propose a novel Z-transform finite-difference time-domain (ZT-FDTD) method to study the interaction between electromagnetic waves and plasmas. Thenumerical results show that this method has high accuracy and improves the computational efficiency by9.8percent, compare",7,simulation,plasma_physics; numerical_methods
111,04-Plasma-Physics,Centrifugal confinement fusion thruster,,2024,10.1080/10420150.2024.2434505,,"Centrifugal confinement fusion, a promising alternative to toroidalconfinement devices like tokamaks and stellarators, leverages super-sonic plasma rotation within a magnetic mirror configuration toachieve simplified coil design, compactness, and enhanced stability.This brief article explores the potential of centrifugal confinementfusion for propulsion applications. A previous concern regardingthe escape of energetic ions, essential for propulsion, is addressedthrough test-particle simulations",6,simulation,plasma_physics; nuclear_fusion
126,04-Plasma-Physics,Hydrogen Utilization as a Plasma Source for Magnetohydrodynamic Direct Power Extraction (MHD-DPE),,2024,,,This study explores the suitability of hydrogen-based plasma in direct power extraction (DPE)as a non-conventional electricity generation method. We apply computational modeling and principles inphysics and chemistry to estimate different thermal and electric properties of a water-vapor/nitrogen/cesium-vapor (H 2O/N 2/Cs) gas mixture with different levels of cesium (Cs) at a fixed temperature of 2300 K(2026.85◦C). This gas mixture and temperature are selected because they resemble the stoich,20,,mhd; plasma_physics
136,04-Plasma-Physics,"J. Plasma Phys. (2024), vol.90, 905900217 © The Author(s), 2024.",,2024,10.1017/S0022377824000424,,,34,experimental; review,plasma_physics; nuclear_fusion; radiation; pulsed_power; electrode_materials
146,04-Plasma-Physics,Plasma Antennas: A Comprehensive Review,,2024,,,"This paper aims to comprehensively review the literature on Gaseous Plasma Antennas(GPAs). These innovative devices transmit electromagnetic (EM) signals through ionized gas, knownas plasma, instead of conventional metal structures. GPAs offer distinct advantages over their metalliccounterparts, particularly in performance reconfigurability. The paper begins by evaluating the EMproperties of the plasma medium, exploring methodologies for its generation, measurement, and simulation.Subsequen",23,review; experimental,plasma_physics; nuclear_fusion; electrode_materials
148,04-Plasma-Physics,Plasma pressure profiles in a sheared-flow-stabilized Z-pinch,,2024,10.1063/5.0209351,,"We report the plasma pressure reached inside the central plasma column of a sheared-flow-stabilized Z-pinch using Thomson scatteringmeasurements. Building on previously reported experimental results and the analysis methods established for the high temperature andmoderate density plasmas generated on the FuZE device, we show evidence of a central plasma region with higher electron temperatureand density, which is consistent with a pinch behavior. Elevated electron temperatures up to 2 :2560:8",8,experimental; data_analysis,z_pinch; plasma_physics; nuclear_fusion; diagnostics; pulsed_power; electrode_materials
160,04-Plasma-Physics,10894_2023_342_Article 1..12,Christopher Galea,2023,10.1007/s10894-023-00342-2,,The Princeton Field-Reversed Conﬁguration (PFRC) nuclear fusion reactor concept is an innovative approach to fusionpower generation prioritizing low neutron production and small size. A combination of analytical modeling and numericalsimulation shows that the novel heating approach generates an FRC with closed ﬁeld lines. Simulation data from a single-particle Hamiltonian code predicts ms-scale plasma heating in reactor-scale conditions while PIC codes predict formationof warm FRC plasmas from,12,experimental; machine_learning; simulation; review,plasma_physics; nuclear_fusion; radiation; particle_methods
145,04-Plasma-Physics,CitationRESEARCH ARTICLE| NOVEMBER 20 2023,,2023,10.1063/5.0171845,,"Magnetic mirror configurations are observed in natural settings and have various applications in laboratory plasmas, such as a magneticexpander of the open mirror fusion devices. The axial plasma flow in open mirror systems is significantly influenced by atomic processesinvolving neutrals, such as ionization and charge-exchange collisions. A quasi-two-dimensional computational model was developed tostudy these effects on accelerated plasma flow in magnetic mirror configurations. This model in",14,simulation,plasma_physics; nuclear_fusion; uncertainty_quantification; turbulence; particle_methods
153,04-Plasma-Physics,FlDyn2360286Yatsukhno.fm,Input2,2023,10.1134/S0015462823602863,,"A brief review of publications on bench experiments focused on investigating the physicalprocesses accompanying the interaction between ionize d and neutral gases in the presence of an exter-nal magnetic field is presented. The main accent is on the studies concerning the problems of investi-gation of the anomalous ionization phenomenon when realizing the experiment’s parameters (themagnetic and electric field strengths, plasma and neutral gas densities, voltage, and gas type) that arethe most",6,experimental; review,plasma_physics; nuclear_fusion; uncertainty_quantification; electrode_materials; turbulence
98,04-Plasma-Physics,"Kyle P. Kelley,1,a Anna N. Morozovska,2 Eugene A. Eliseev,3 Yongtao Liu,1 Shelby S. Fields,4","Kalinin, Sergei V.",2023,,,,19,experimental; simulation,plasma_physics; electrode_materials
149,04-Plasma-Physics,Positive Streamer Initiation in SF<sub>6</sub>/CO<sub>2</sub> Based on Zener&#x2019;s Field Ionization,,2023,,,"In this study, experiments were performed to measure the inception and breakdown voltagesof SF 6/CO 2mixed gases with varying mixing ratios at two different pressures (1 and 2 bar). Using thepreliminary data obtained from the experiments, a 3D particle model was used to investigate positive streamerinitiation in SF 6/CO 2with field ionization. Field ionization using Zener’s model was assumed to be similarto the electron detachment in air. The experimental results showed that at P=1 bar, the",10,experimental; simulation,plasma_physics; machine_learning; electrode_materials; particle_methods
99,04-Plasma-Physics,Supernova simulations confront SN 1987A neutrinos,,2023,10.1103/PhysRevD.108.083040,,,61,simulation; experimental; review; machine_learning,plasma_physics
100,04-Plasma-Physics,Targeting integrin pathways: mechanisms and advances in therapy,Xiaocong Pang,2023,10.1038/s41392-022-01259-6,,,42,review,plasma_physics
147,04-Plasma-Physics,mdpi.com/journal/sensorsSpecial Issue Reprint,,2023,10.3390/books978-3-7258-1450-3,,,338,,plasma_physics; nuclear_fusion; radiation; diagnostics
97,04-Plasma-Physics,2022 Review of Data-Driven Plasma Science,,2022,10.1109/TPS.2023.3268170,,,89,experimental; review; simulation; machine_learning,plasma_physics; nuclear_fusion; machine_learning; uncertainty_quantification; diagnostics; ai_scientific_discovery
114,04-Plasma-Physics,CitationRESEARCH ARTICLE| APRIL 29 2021,,2021,10.1063/5.0046843,,"The large differential drift motion between electrons and ions that is created by the E /C2B current can produce different instabilities, such asthe electron cyclotron drift instability, perpendicular to the magnetic ﬁeld, and the Modiﬁed Two-Stream Instability (MTSI), with a compo-nent along the magnetic ﬁeld. In this paper, we derive and validate a stability condition for the apparition of the MTSI modes in 2D particle-in-cell simulations of E /C2B discharges in the radial-azimuthal plane of",13,simulation; experimental,plasma_physics; particle_methods
120,04-Plasma-Physics,Edited byElectron Scattering,MDPI,2021,10.3390/atoms10020054,,"EditorGrzegorz Piotr KarwaszUniversity Nicolaus CopernicusPolandEditorial OfﬁceMDPISt. Alban-Anlage 664052 Basel, SwitzerlandThis is a reprint of articles from the Special Issue published online in the open access journalAtoms (ISSN 2218-2004) (available at: https://www.mdpi.com/journal/atoms/specialissues/ElectronScatteringGases PlasmaModeling).For citation purposes, cite each article independently as indicated on the article page online and asindicated below:LastName, A.A.; LastName",306,experimental; simulation,plasma_physics; nuclear_fusion
135,04-Plasma-Physics,Journal of Instrumentation,,2021,10.1088/1748-0221/16/05/P05018,,PAPERCharge exchange radiation diagnostic with gas jettarget for measurement of plasma flow velocity inthe linear magnetic trapTo cite this article: A. Lizunov 2021 JINST 16 P05018,12,experimental,plasma_physics; nuclear_fusion; radiation; diagnostics; electrode_materials; turbulence
162,04-Plasma-Physics,Thermally driven countercurrent plasma centrifuge,,2020,10.1080/01496395.2020.1808683,,"Renewed interest in plasma isotope separation stems from the need to produce certain isotopes more inexpensively. These include isotopes of groups I and II, rare earth and some other elements of the periodic table. While gas centrifuge cascades, developed for uranium enrichment, are capable of a wider range of separation applications, they are limited to elements that can form volatile gaseous compounds at room temperature. In the absence of a suitable compound, more expensive separation te",10,experimental,mhd; plasma_physics
115,04-Plasma-Physics,Critical Velocity Ionization in Substellar Atmospheres,A. D. Wilson,2019,,,"The observation of radio, X-ray, and H αemission from substellar objects indicates the presence of plasma regionsand associated high-energy processes in their surrounding envelopes. This paper numerically simulates andcharacterizes critical velocity ionization (CVI ), a potential ionization process, that can ef ﬁciently generate plasma as aresult of neutral gas ﬂows interacting with seed magnetized plasmas. By coupling a gas –magnetohydrodynamic(MHD )interactions code (to simulate the ioniza",8,experimental,mhd; plasma_physics; radiation; turbulence
141,04-Plasma-Physics,On the Relationship Between the Electromagnetic Burst and Inductive Sensor Measurement of a Pulsed Plasma Accelerator,,2019,,,"A remote and non-invasive diagnostic of the plasma focus using antennas is presented in thiswork. The main motivation is the application of such diagnostic in a miniaturized plasma accelerator, basedon the plasma focus architecture, as a cube satellite thruster. The evaluation of this proposal was carried outmeasuring a hundred of joules plasma focus operation simultaneously with the inductive measurement andantennas. Three different antennas tuned in the ultra high frequency range were test",15,experimental,dense_plasma_focus; z_pinch; plasma_physics; nuclear_fusion; pulsed_power; electrode_materials; circuit_modeling
166,04-Plasma-Physics,A compact new incoherent Thomson scattering diagnostic for low-temperature plasma studies,Benjamin Vincent,2018,,,"Incoherent Thomson scattering (ITS )has a long history of application for the determination ofelectron density and temperature in dense fusion plasmas, and in recent years, has beenincreasingly extended to studies in low-temperature plasma environments. In this work, thedesign and preliminary implementation of a new, sensitive and uniquely compact ITS platformknown as Thomson scattering experiments for low temperature ion sources are described.Measurements have been performed on a hollow cat",14,experimental,plasma_physics; nuclear_fusion; radiation; diagnostics; electrode_materials; turbulence
128,04-Plasma-Physics,untitled,,2018,10.1109/TPS.2018.2868757resulting,,"We present a new experimental platform for study-ing radiative shocks using an “inverse liner z-pinch” conﬁgura-tion. This platform was tested on the MAGPIE pulsed powerfacility ( ∼1M Aw i t har i s et i m eo f ∼240 ns) at Imperial CollegeLondon, U.K. Current is discharged through a thin-walled metaltube (a liner) embedded in a low-density gas-ﬁll and returnedthrough a central post. The resulting magnetic pressure insidethe liner launched a cylindrically symmetric, expanding radiativeshock in",7,experimental,z_pinch; plasma_physics; nuclear_fusion; radiation; diagnostics; pulsed_power; electrode_materials
109,04-Plasma-Physics,Beam Velocity and Density Influences on Ion-Beam Pulses Moving in Magnetized Plasmas,,2016,10.1109/TPS.2016.2581202to,,"The wakeﬁeld and stopping power of an ion-beampulse moving in magnetized plasmas are investigated usingparticle-in-cell simulations. The effects of beam velocity anddensity on the wakeﬁeld and stopping power are discussed.Besides the longitudinal inverted V-shaped wakes, strong whistlerwaves are observed when low-density and low-velocity pulsesmove in plasmas in the presence of a magnetic ﬁeld. Thecorresponding stopping powers are enhanced because of dragfrom these whistler waves. As the beam",6,simulation,plasma_physics; nuclear_fusion; particle_methods
104,04-Plasma-Physics,CitationRESEARCH ARTICLE| JULY 18 2016,,2016,10.1063/1.4956443,,"Alfv /C19en ionization in an MHD-gas interactions codeA. D. Wilson and D. A. DiverSchool of Physics and Astronomy, SUPA, University of Glasgow, Glasgow G12 8QQ, United Kingdom(Received 15 December 2015; accepted 22 June 2016; published online 18 July 2016)A numerical model of partially ionized plasmas is developed in order to capture their evolvingionization fractions as a result of Alfv /C19en ionization (AI). The mechanism of, and the parameterregime necessary for, AI is discussed and an",13,experimental; simulation,mhd; plasma_physics; nuclear_fusion; particle_methods
167,04-Plasma-Physics,Journal of Instrumentation,,2013,10.1088/1748-0221/8/12/C12014,,"We applied Fraunhofer diffraction (FD) method to GAMMA10 plasma. The FDmethod can measure the density ﬂuctuation in detail and the wave number of the ﬂuctuation. Wesuccessfully obtained the density ﬂuctuation spectra in GAMMA 10. Analyzing the FD methodsignals of radial ﬂuctuation intensity proﬁle, we can successfully obtain the wave number and thephase velocity of the low frequency density ﬂuctuation.",8,experimental,plasma_physics; nuclear_fusion; radiation; diagnostics
129,04-Plasma-Physics,"The Astrophysical Journal , 776:11 (20pp), 2013 October 10 doi: 10.1088/0004-637X/776/1/11",IOP Publishing 2013 Sep 17:0:0,2013,10.1088/0004-637X/776/1/11,,"Observations of continuous radio and sporadic X-ray emission from low-mass objects suggest they harbor localizedplasmas in their atmospheric environments. For low-mass objects, the degree of thermal ionization is insufﬁcientto qualify the ionized component as a plasma, posing the question: what ionization processes can efﬁcientlyproduce the required plasma that is the source of the radiation? We propose Alfv ´en ionization as a mechanism forproducing localized pockets of ionized gas in the at",20,experimental,plasma_physics; radiation; turbulence
130,04-Plasma-Physics,Topical Review,Topical Review,2013,10.1088/0741-3335/55/6/063001,,"A gas dynamic trap (GDT) is a version of a magnetic mirror whose characteristic features are along mirror-to-mirror distance, which exceeds the effective mean free path of ion scatteringinto a loss cone, a large mirror ratio ( R∼100)and axial symmetry. Under these conditions,the plasma conﬁned in a GDT is isotropic and Maxwellian. The rate at which it is lost out ofthe ends is governed by a set of simple gas-dynamic equations, hence the name of the device.Plasma magnetohydrodynamic stability is",32,experimental; review,mhd; plasma_physics; nuclear_fusion
152,04-Plasma-Physics,arXiv:1305.4928v1 [physics.plasm-ph] 21 May 2013PLASMAS AND GASES,,2013,,,,8,experimental,mhd; plasma_physics; nuclear_fusion; pulsed_power; electrode_materials
121,04-Plasma-Physics,Gas rarefaction and the time evolution of long high-power impulse magnetron sputtering pulses,C Huo et al,2012,10.1088/0963-0252/21/4/045004,,"Model studies of 400 µs long discharge pulses in high-power impulse magnetron sputteringhave been made to study the gas dynamics and plasma chemistry in this type of pulsedprocessing plasma. Data are taken from an experiment using square voltage pulses applied toan Al target in an Ar atmosphere at 1.8 Pa. The study is limited to low power densities,<0.5k Wc m−2, in which the discharge is far away from the runaway self-sputtering mode.The model used is the ionization region model, a time-depen",13,experimental,plasma_physics; nuclear_fusion; electrode_materials
118,04-Plasma-Physics,Title of dissertation: DIAMAGNETISM OF A SUPERSONIC,,2012,,,"DIAMAGNETISM OF A SUPERSONICROTATING MAGNETIZED PLASMAbyWilliam YoungDissertation submitted to the Faculty of the Graduate School of theUniversity of Maryland, College Park in partial fulﬁllmentof the requirements for the degree ofDoctor of Philosophy2012Advisory Committee:Professor Adil Hassam, Chair/AdvisorProfessor Richard EllisProfessor Christopher DavisDr. John RodgersProfessor William DorlandAll rights reservedINFORMATION TO ALL USERSThe quality of this reproduction is dep",110,experimental,mhd; plasma_physics; nuclear_fusion; radiation; diagnostics; pulsed_power
112,04-Plasma-Physics,ORIGINAL RESEARCH,,2010,10.1007/s10894-010-9331-x,,"Velocity of hydrogen plasmas rotating due toimposed E9Bﬁelds at the Maryland Centrifugal Exper-iment (MCX) (Ellis et al., Phys Plasmas 12:055704, 2005),where Eis the electric ﬁeld in the radial direction and Bthemagnetic ﬁeld in the axial direction of a cylindrical con-ﬁguration, has traditionally been measured using Dopplershifts of atomic spectra from impurity elements such ascarbon. Ideally, the gyrocenter of trace particles rotates atthe bulk plasma velocity, regardless of the charged",5,experimental; simulation; machine_learning,mhd; plasma_physics; nuclear_fusion; radiation
158,04-Plasma-Physics,Sub-Alfvénic velocity limits in magnetohydrodynamic rotating plasmas,,2010,10.1063/1.3383051,,"Reuse of AIP content is subject to the terms at: http://pop.aip.org/about/rights_and_permissionsSub-Alfvénic velocity limits in magnetohydrodynamic rotating plasmasC. Teodorescu, R. Clary, R. F. Ellis, A. B. Hassam,C. A. Romero-Talamas, and W. C. YoungUniversity of Maryland, College Park, Maryland 20742, USA/H20849Received 15 December 2009; accepted 17 March 2010; published online 14 May 2010 /H20850Magnetized plasmas in shaped ﬁelds rely on large, supersonic rotation to effect centrifugal",14,experimental,mhd; plasma_physics; nuclear_fusion; pulsed_power; electrode_materials
124,04-Plasma-Physics,3372833.pdf,aduma,2009,,,"The quality of this reproduction is dependent upon the quality of the copy submitted. Broken or indistinct print, colored or poor quality illustrations and photographs, print bleed-through, substandard margins, and improper alignment can adversely affect reproduction. In the unlikely event that the author did not send a complete manuscript and there are missing pages, these will be noted. Also, if unauthorized copyright material had to be removed, a note will indicate the deletion.",132,experimental,plasma_physics; nuclear_fusion; radiation; pulsed_power
117,04-Plasma-Physics,Current‐voltage relation of a centrifugally confined plasma,"L. C. Ray, Y.&#8208;J. Su, R. E. Ergun, P. A. Delamere, F. Bagenal",2009,10.1029/2008JA013969,,,7,experimental,plasma_physics
139,04-Plasma-Physics,Mirror stabilization experiments in the Hanbit device,A.C. England et al,2009,10.1088/0029-5515/49/12/125008,,The Hanbit magnetic mirror device has been involved in a series of experiments on stabilization of the MHD ﬂutetype mode. We undertook investigations to see whether a divertor and the kinetic stabilizer (KS) of Post et al canstabilize the MHD instability. The Hanbit divertor conﬁguration used one of the central cell coils with reversedcurrent as the divertor coil and two other coils with increased current to compensate the ﬁeld droop. The divertoreliminated the m=− 1 instability when the null p,14,experimental,mhd; plasma_physics; nuclear_fusion; diagnostics
107,04-Plasma-Physics,CitationRESEARCH ARTICLE| NOVEMBER 25 2008,,2008,10.1063/1.3028312,,"Analysis and modeling of edge ﬂuctuations and transport mechanismin the Maryland Centrifugal ExperimentI. U. Uzun-Kaymak, P . N. Guzdar, R. Clary, R. F. Ellis, A. B. Hassam, and C. TeodorescuInstitute for Research in Electronics and Applied Physics, University of Maryland, College Park,Maryland 20742, USA/H20849Received 21 August 2008; accepted 29 October 2008; published online 25 November 2008 /H20850The Maryland Centrifugal Experiment /H20851R. F. Ellis et al. , Phys. Plasmas 12, 055704",9,experimental; simulation,mhd; plasma_physics; nuclear_fusion; electrode_materials; circuit_modeling
102,04-Plasma-Physics,A Critical Ionization Velocity Experiment on the ARGOS Satellite,,2007,10.2514/6.2007-279,,AmericanInstituteofAeronauticsandAstronautics 2()* 2 / V e M =Nomenclature V*=criticalionization velocity B =magnetic field E =electricfield e =electroncharge =efficiencyofionizationbyCIV. M =molecularweightoftheneutralgas nXe =densityo fneutralxenongas nO+ =densityofoxygenion c=chargeexchangeratebetweenneutralxenonandoxygenion i=gyrofrequencyofxenonion LH =lowerhybridplasmamodetimescale =cross -sectionofchargeexchange betweenxenonandoxygenion qi =chargeofion H =electronhe,10,experimental; review,plasma_physics
142,04-Plasma-Physics,Title of dissertation: PARAMETRIC LIMITATIONS ON DISCHARGE,,2007,,,"PARAMETRIC LIMITATIONS ON DISCHARGEPERFORMANCE IN THEMARYLAND CENTRIFUGAL EXPERIMENTbyRobert LunsfordDissertation submitted to the Faculty of the Graduate School of theUniversity of Maryland, College Park in partial fulﬁllmentof the requirements for the degree ofDoctor of Philosophy2007Advisory Committee:Professor Richard Ellis, ChairProfessor Adil HassamProfessor Alan W. DesilvaAssociate Professor William DorlandProfessor Wendell T. HillUMI Number: 326033032603302007Copyright",230,experimental,plasma_physics; diagnostics; pulsed_power; circuit_modeling
137,04-Plasma-Physics,Maser based on cyclotron resonance in a decaying plasma,,2006,,,,6,experimental,plasma_physics; physics_informed_ml
108,04-Plasma-Physics,Axial Electron Heat Loss from Mirror Devices Revisited,eedadmin,2005,10.13182/FST05-A627,,"AXIAL ELECTRON HEAT LOSS FROM MIRROR DEVICES REVISITEDD.D. RyutovLawrence Livermore National Laboratory, Livermore, CA 94551, USAAn issue of the axial electron heat loss is of a significantimportance for mirror-based fusion devices. This problemhas been considered in a number of publications but it isstill shrouded in misconceptions. In this paper we revisitit once again. We discuss the following issues: 1)Formation of the electron distribution function in the endtank at large expansion r",8,experimental,plasma_physics; nuclear_fusion
164,04-Plasma-Physics,CitationBRIEF REPORT| FEBRUARY 08 2005,,2005,10.1063/1.1854687,,"Vacuum ultraviolet measurements on hydrogen resonance linesin the Maryland Centrifugal ExperimentJ. Ghosh, R. Elton, H. Griem, C. T eodorescu, A. Case, and R. EllisInstitute for Research in Electronics and Applied Physics, University of Maryland, College Park, Maryland20742/H20849Received 19 October 2004; accepted 7 December 2004; published online 8 February 2005;publisher error corrected 20 October 2005 /H20850Extended spectroscopic measurements of hydrogen emission into the vacuum ultra",5,experimental,plasma_physics; nuclear_fusion; radiation; electrode_materials
157,04-Plasma-Physics,CitationRESEARCH ARTICLE| MAY 05 2005,,2005,10.1063/1.1896954,,"Steady supersonically rotating plasmas in the Maryland CentrifugalExperimenta R. F. Ellis,b!A. Case, R. Elton, J. Ghosh, H. Griem, A. Hassam, R. Lunsford,S. Messer, and C. TeodorescuUniversity of Maryland, College Park, Maryland 20742-3511sReceived 12 November 2004; accepted 28 February 2004; published online 5 May 2005 dThe Maryland Centrifugal Experiment MCX fR. F. Ellis, A. B. Hassam, and S. Messer, Phys.Plasmas 8, 2057 s2000 dgstudies supersonic rotation and enhanced conﬁnement produc",8,experimental,mhd; plasma_physics; nuclear_fusion; radiation; diagnostics; pulsed_power; circuit_modeling; turbulence
156,04-Plasma-Physics,Steady supersonically rotating plasmas in the Maryland Centrifugal Experiment,,2005,10.1063/1.1896954,,,8,experimental,mhd; plasma_physics; nuclear_fusion; radiation; diagnostics; pulsed_power; circuit_modeling; turbulence
138,04-Plasma-Physics,CitationRESEARCH ARTICLE| OCTOBER 01 2004,,2004,10.1063/1.1789619,,"Measurement of the rotational velocity in Hanbit mirror deviceby using the Gundestrup-emissive-triple probe systemK.-S. Chung,a)G. Y. Kwak, Y.-S. Choi, and M.-J. LeeElectric Probe Applications Laboratory, Hanyang University, Seoul 133-791, KoreaJ. G. Bak and M. KwonKorea Basic Science Institute, Yusung, Taejeon, 305-333, Korea(Presented on 22 April 2004; published 20 October 2004 )A new probe set, called the Gundestrup-emissive-triple (GET )probe, is developed to measure therotational ve",4,experimental,plasma_physics; nuclear_fusion; diagnostics
125,04-Plasma-Physics,Microsoft PowerPoint - Madison Workshop for FUSE 2018.ppt,hassam,2001,,,"Basic Idea• centrifugal forces => axial confinement • rotation shear => stability to interchanges Hassam, AB, Comments Plasma Phys Cont. Fus., 18, 26 3, 1997 Ellis, RF; Hassam, AB; Messer, S; et al. PHYSICS OF PLASMAS 8, 2057, 2001 Next few slides show why need Ms> 1 •Sonic Mach number, Ms, is the Figure of Merit for Equilibrium, Stability, and Lawson Breakeven. Ms> 1MHD Centrifugal Confinement => need high Mach number B. ∇∇∇∇p = - B.[nm u.∇∇∇∇u] p : nmu 21 : u",33,experimental,mhd; plasma_physics; nuclear_fusion
165,04-Plasma-Physics,"VOLUME 87, N UMBER 2 3 PHYSICAL REVIEW LETTERS 3D ECEMBER 2001",,2001,10.1103/PhysRevLett.87.235002,,,4,simulation; review,mhd; plasma_physics; nuclear_fusion
123,04-Plasma-Physics,TSS‐1R electron currents: Magnetic limited collection from a heated presheath,"David L. Cooke, Ira Katz",1998,,,We show that currents collected by TSS-1R are con- sistent with Parker-Murphy magnetic limited collection from the ionosphere where the local electron temperatures are elevated as observed during the first TSS-1 mission. An analytic develop- ment of the previous Katz et al. [1994] presheath model is presented. This model accounts for the heating that occurs as electrons fall through the potentials necessary to reflect the ram ions while satisfying the Bohm sheath stability criterion. This,4,experimental; machine_learning,plasma_physics; diagnostics
127,04-Plasma-Physics,INFORMATION TO USERS,,1992,,,Reproduced with permission of the copyright owner. Further reproduction prohibited without permission.,279,review; experimental,plasma_physics
131,04-Plasma-Physics,Momentum coupling in the “CRIT II” critical ionization velocity experiment,"K. Liou, R. B. Torbert, G. Haerendel",1990,,,A unified theory has been developed to explain the formation of a quasi-dc electric pulse (co < fi) induced by an ionizing neutral barium beam across n ionospheric plasma. We obtained a generalized form for the dc electric field in the plane perpendicular to the magnetic field within a simplified slab barium cloud moving perpendicular to the geomagnetic fields. A current system associated with the quasi-dc electric field was also proposed to provide a way to transfer the momentum between,9,experimental; review,plasma_physics
140,04-Plasma-Physics,Non‐solar UV produced ions observed optically from the “CRIT I” Critical Velocity Ionization Experiment,"H. C. Stenbaek-Nielsen, E. M. Wescott, D. Rees, A. Valenzuela, N. Brenning",1990,,,,9,experimental,plasma_physics
105,04-Plasma-Physics,Alfven's Critical Velocity Effect Tested in Space,,1982,,,"G. Haerendel • Alfven's Critical Velocity Effect Tested in Space 729 interactions. A sounding rocket flight of a complex payload with plasma diagnostic instruments and, among others, a separable shaped charge provided an occasion of studying this effect in great detail [11]. The data are discussed in a separate paper which will be referred to as Paper 2. A similar ex-periment was performed by Deehr et al. (1982) [20] using barium and strontium, but without any in-situ diagnostics. Aft",8,experimental,plasma_physics; turbulence
116,04-Plasma-Physics,Journal of Physics D:,,1978,,,Critical ionisation velocity and the dynamics of acoaxial plasma gunTo cite this article: M A Raadu 1978 J. Phys. D: Appl. Phys. 11 363,17,experimental; review,plasma_physics; diagnostics; electrode_materials
163,04-Plasma-Physics,Trajectories of Charged Particles in Radial Electric and Uniform Axial Magnetic Fields,Gerald W. Englert,1977,,,,9,experimental,plasma_physics
154,04-Plasma-Physics,Review of the critical velocity of gas-plasma interaction,,1973,,,"A review is given of the experimental investigations concerning the critical velocity of the interaction between a neutral gas and a plasma in relative motion. In most of the experiments this critical velocity is equivalent to a voltage limitation of a discharge through a partially ionized, mag- netized plasma. The critical velocity phenomenon can have been of importance in a large number of experiments but it has been observed in rather few cases and studied in detail in less than half a do",27,experimental; review,plasma_physics; nuclear_fusion; electrode_materials
134,04-Plasma-Physics,Critical voltage of a rotating plasma,,1966,,,"View the article online for updates and enhancements. You may also like On improved confinement in mirror plasmas by a radial electric field O Ågren and V E Moiseenko -CHARACTERIZING TRANSITION TEMPERATURE GAS IN THE GALACTIC CORONA Bart P. Wakker, Blair D. Savage, Andrew J. Fox et al. -Extension of measurable velocity limit of ultrasonic velocity profiling based on phase difference gradient analysis Naruki Shoji -",9,experimental,plasma_physics; nuclear_fusion; electrode_materials; circuit_modeling
133,04-Plasma-Physics,Voltage characteristics of a rotating plasma,,1961,,,"View the article online for updates and enhancements. You may also like On the current density limiting effect in SF6-based mixtures A A Belevtsev, K N Firsov, S Yu Kazantsev et al. -Occultation of a Large Star by the Large Plutino (28978) Ixion on 2020 October 13 UTCStephen E. Levine, Carlos A. Zuluaga, Michael J. Person et al. -Discussion of the deflagration index expression for cylindrical vessel Zhe Song, Peili Zhang, Jianjun Liang et al. -",7,,plasma_physics; nuclear_fusion
113,04-Plasma-Physics,Collision between a Nonionized Gas and a Magnetized Plasma,H. Alfven,1960,,,"COLLISIONS OFGASANDPLASMA 7ii6-089600gauss0xxB~7000gaussKa~~~~~~ ~~~~~~xxBoooogauss~aO~eaesey~~~~~0 Orotation. Afterafewmicroseconds astationary stateisreached. Theplasmarotates withacertainvelocityvyandthevoltage between A~andA2hasaconstantvalue(during30@secormore).Thevoltage canbeexpected tobegivenbythepolarization oftheplasma,sothatB2wgBpdR.c~xi2-1O 20H V=10kVR=2Q50 160FxG.2.Voltage between theelectrodes asafunctionofthegaspressure (hydrogen).2.SUMMARY OFBLOCK'S ANDFAHLES",4,experimental,plasma_physics; nuclear_fusion; electrode_materials
159,04-Plasma-Physics,PII: 0032-0633(82)90059-9,,1960,,,"The critical velocity triggering anomalous ionization of the neutral gas by plasma flow is calculated for the model based on the lower hybride instability. It depends strongly on the plasma and gas parameters, defining the instability development of the ionized atoms beam in the counter- streaming plasma. In particular, the possible role of the critical ionization mechanism for Halley’s comet is examined. The fulfilment of both Townsend’s condition for the selfustained beam plasma dis- cha",7,experimental,plasma_physics; turbulence
132,04-Plasma-Physics,Kinetic and nonlinear processes in space plasmas,,,,,,,,plasma_physics
151,04-Plasma-Physics,"On the origin of the solar system. By H. Alfvén. International series of monographs on physics, Oxford (Clarendon Press), 1954. Pp. viii, 194; 47 Figs., 15 tables",,,,,,2,review,plasma_physics; turbulence
179,05-Nuclear-Radiation,ELEMENTS OF NEUTRON PHYSICS,,2025,,,,100,,nuclear_fusion; uncertainty_quantification; radiation
177,05-Nuclear-Radiation,JHEP01(2021)107,,2024,10.1007/JHEP01(2021,,"New light particles produced in supernovae can lead to additional energy lossand a consequent deﬁcit in neutrino production in conﬂict with the neutrinos observedfrom Supernova 1987A (SN1987A). Contrary to the majority of previous SN1987A studies,we examine the impact of Z′bosons, axions, and axion-like particles (ALPs) interactingwith the muonsproduced in SN1987A. For the ﬁrst time, we ﬁnd constraints on generic Z′bosonscoupledtomuons, andapplyourresultstoparticlemodelsincludinggauged Lµ−L",28,simulation,nuclear_fusion; radiation
176,05-Nuclear-Radiation,PoS(COSMICWISPers)041,,2024,,,,81,review; experimental; machine_learning,radiation; nuclear_fusion
174,05-Nuclear-Radiation,BOOK OF ABSTRACTS,Aleksandar Ristic,2023,,,"I BOOK OF ABSTRACTS ELEVENTH INTERNATI ONAL CONFERENCE ON RADIATION, NATURAL SCIENCES, MEDICINE, ENGINEERING, TECHNOLOGY AND ECOLOGY (RAD 202 3) 19–23.06.202 3 | HERCEG NOVI | www.rad -conference.org TABLE OF CONTENTS Click on the title of the abstract to access it PLENA RY LECTURES Dejan Trbojevic, Design of the Affordable FLASH Proton Therapy Facility with Permanent Magnets ... 1 BIOCHEMISTRY Aušra Nemeikaitė -Čėnienė, Violeta Jonušienė, Lina Misevičienė, Audronė Maro",323,,machine_learning; nuclear_fusion; radiation
169,05-Nuclear-Radiation,Developing Ni single-atom sites in carbon nitride for efficient photocatalytic H2O2 production,Xu Zhang,2023,10.1038/s41467-023-42887-y,,,13,experimental,radiation; nuclear_fusion
170,05-Nuclear-Radiation,Endoplasmic reticulum stress: molecular mechanism and therapeutic targets,Xingyi Chen,2023,10.1038/s41392-023-01570-w,,,40,review,nuclear_fusion; radiation
171,05-Nuclear-Radiation,Fe/Cu diatomic catalysts for electrochemical nitrate reduction to ammonia,Shuo Zhang,2023,10.1038/s41467-023-39366-9,,,10,experimental,electrode_materials; nuclear_fusion; radiation
168,05-Nuclear-Radiation,First measurements of p11B fusion in a magnetically confined plasma,R. M. Magee,2023,10.1038/s41467-023-36655-1,,,6,experimental,plasma_physics; nuclear_fusion; radiation; turbulence
172,05-Nuclear-Radiation,Impact of impurities on water electrolysis: a review,Hans Becker,2023,10.1039/d2se01517jrsc.li/sustainable-energy,,,39,experimental; review,electrode_materials; nuclear_fusion; radiation
173,05-Nuclear-Radiation,Large-area synthesis and transfer of multilayer hexagonal boron nitride for enhanced graphene device arrays,Satoru Fukamachi,2023,10.1038/s41928-022-00911-x,,,21,experimental,radiation; nuclear_fusion
175,05-Nuclear-Radiation,Synergistic effects of mixing and strain in high entropy spinel oxides for oxygen evolution reaction,Jihyun Baek,2023,10.1038/s41467-023-41359-7,,,11,simulation; experimental; machine_learning,radiation; electrode_materials; nuclear_fusion
178,05-Nuclear-Radiation,"The code uses a phenomenological mechanism for beam-target production of fusion neutrons, partially based on ideas published by Gribkov et al 17",Loh,2008,10.1007/s10894-008-9132-7,,Experimental data of neutron yield Y n against pinch current I pinch is assembled to produce a more global scaling law than available. From the data a mid-range point is obtained to calibrate the neutron production mechanism of the Lee Model code. This code is then used for numerical experiments on a range of focus devices to derive neutron scaling laws. The results are the following: Y n=2x1011Ipinch4.7 and Y n=9x109Ipeak3.9. It is felt that the scaling law with respect to I pinch is rig,7,experimental,dense_plasma_focus; plasma_physics; nuclear_fusion; electrode_materials; radiation
182,06-Circuit-Engineering,Electron Trajectories and Critical Current in a Two-Dimensional Planar Magnetically Insulated Crossed-Field Gap,,2024,,,"The critical current in a one-dimensional (1D) crossed-field gap is defined by the transition froma cycloidal flow to a near-Brillouin (nB) state characterized by electron flow orthogonal to both the electricand magnetic fields and uniform virtual cathode formation. Motivated by recent studies on space-charge-limited current in non-magnetic diodes, we assess the meaning of critical current in a magentically insulatedtwo-dimensional (2D) planar crossed-field geometry. Particle-in-cell (PIC) s",10,simulation; analytical,plasma_physics; nuclear_fusion; electrode_materials; turbulence; particle_methods; circuit_modeling; pulsed_power
180,06-Circuit-Engineering,A Review on Challenges in DC Microgrid Planning and Implementation,"Kolampurath Jithin, Graduate Student Member, IEEE, Puthan Purayil Haridev, Nanappan Mayadevi, Raveendran Pillai Harikumar, Member, IEEE, and Valiyakulam Prabhakaran Mini",2023,,,"DC microgrids are gaining more attention with the increased penetration of various DC sources such as solar pho ‐tovoltaic systems , fuel cells , batteries , etc., and DC loads . Due to the rapid integration of these components into the existing power system , the importance of DC microgrids has reached a salient point . Compared with conventional AC systems , DC sys‐tems are free from synchronization issues , reactive power con ‐trol, frequency control , etc., and are more reliable and e",21,review,machine_learning; circuit_modeling; pulsed_power
181,06-Circuit-Engineering,Towards physics-informed machine learning-based predictive maintenance for power converters – A review,"Youssof Fassi, Vincent Heiries, Jérôme Boutet, Sebastien Boisseau",2023,10.1109/TPEL.2023.3328438￿,,"Abstract— Predictive maintenance for power electronic converters has emerged as a critical area of research and development. With the rapid advancements in deep learning techniques, new possibilities have emerged for enhancing the performance and reliability of pow er converters. However, addressing challenges related to data resources, physical consistency, and generalizability has become crucial in achieving optimal strategies. This comprehensive review article presents an insightful ov",34,machine_learning; review; simulation,nuclear_fusion; machine_learning; uncertainty_quantification; numerical_methods; ai_scientific_discovery; physics_informed_ml; circuit_modeling; pulsed_power
183,07-Diagnostics,Physics Principles of Inertial Conﬁnement Fusion and U.S. Program,,2023,,,,91,experimental; review,z_pinch; plasma_physics; nuclear_fusion; radiation; pulsed_power; diagnostics
184,07-Diagnostics,Development of plasma sources and diagnostics for the simulation of fusion edge plasmas,Hyun-Jong Woo,2022,10.1007/s40042-021-00374-x,,"Although the research on divertors and scrape-off layers (SOLs) has been not as focused on as the recent success of the Korean fusion program, a few linear plasma devices have been developed for simulating divertor and SOL plasmas: (1) diversified plasma simulator (DiPS), a versatile linear machine, has been developed for simulations of divertor and space plasmas with various electric probes, such as single, triple, and Mach Probes and gridded energy analyzer. DiPS consists of two major part",24,simulation; experimental,plasma_physics; nuclear_fusion; radiation; diagnostics; electrode_materials
186,07-Diagnostics,Journal of Instrumentation,,2021,10.1088/1748-0221/16/05/P05018,,PAPERCharge exchange radiation diagnostic with gas jettarget for measurement of plasma flow velocity inthe linear magnetic trapTo cite this article: A. Lizunov 2021 JINST 16 P05018,12,experimental,plasma_physics; nuclear_fusion; radiation; diagnostics; electrode_materials; turbulence
185,07-Diagnostics,Plasma Dynamics Using Ion Doppler Spectroscopy in HIT-SI3,Charles T. Hooper,2019,,,Plasma Dynamics Using Ion Doppler Spectroscopy in HIT-SI3Charles T. HooperChair of the Supervisory Committee:Professor Thomas R. JarboeWilliam E. Boeing Department of Aeronautics and AstronauticsThe HIT-SI3 experiment uses three inductive helicty injectors to form andsustain a spheromak plasma by imposed-dynamo current drive (IDCD). Anion Doppler spectrometer utilizes 72 viewing chords and a µs time resolu-tion to measure CIII impurity ions on the toroidal midplane. A Monte Carlonumeric,75,experimental,mhd; plasma_physics; nuclear_fusion; radiation; machine_learning; uncertainty_quantification; diagnostics
188,08-Electrodes-Materials,Titanium nitride (TiN) as a promising alternative to plasmonic metals: a comprehensive review of synthesis and applications,Ujjwal Mahajan,2024,10.1039/d3ma00965c,,,50,review,radiation; electrode_materials
187,08-Electrodes-Materials,"A review on nanoparticles: characteristics, synthesis, applications, and challenges",Khadijah A. Altammar,2023,10.3389/fmicb.2023.1155622,,,20,review,electrode_materials
203,09-Machine-Learning,MeshGraphNet-Transformer: Scalable Mesh-based Learned Simulation for Solid Mechanics,Mikel M. Iparraguirre; Iciar Alfaro; David Gonzalez; Elias Cueto,2026,,,"We present MeshGraphNet-Transformer (MGN-T), a novel architecture that combines the globalmodeling capabilities of Transformers with the geometric inductive bias of MeshGraphNets, whilepreserving a mesh-based graph representation. MGN-T overcomes a key limitation of standard MGN,the inefficient long-range information propagation caused by iterative message passing on large,high-resolution meshes. A physics-attention Transformer serves as a global processor, updating allnodal states simultan",13,simulation; machine_learning,nuclear_fusion; machine_learning; numerical_methods; ai_scientific_discovery; graph_neural_networks; physics_informed_ml
204,09-Machine-Learning,RUNNs: Ritz-Uzawa Neural Networks for Solving Variational Problems,Pablo Herrera; Jamie M. Taylor; Carlos Uriarte; Ignacio Muga; David Pardo; Kristoffer G. van der Zee,2026,,,"Solving Partial Differential Equations (PDEs) using neural networks presents different challenges, includingintegration errors and spectral bias, often leading to poor approximations. In addition, standard neuralnetwork-based methods, such as Physics-Informed Neural Networks (PINNs), often lack stability when dealingwith PDEs characterized by low-regularity solutions.To address these limitations, we introduce the Ritz–Uzawa Neural Networks (RUNNs) framework, an it-erative methodology to sol",24,machine_learning; experimental; simulation,machine_learning; ai_scientific_discovery; physics_informed_ml
197,09-Machine-Learning,Conservation-informed Graph Learning for Spatiotemporal Dynamics Prediction,,2025,10.1145/3690624.3709244Keywords,,"Data-centric methods have shown great potential in understandingand predicting spatiotemporal dynamics, enabling better design andcontrol of the object system. However, deep learning models oftenlack interpretability, fail to obey intrinsic physics, and struggle tocope with the various domains. While geometry-based methods,e.g., graph neural networks (GNNs), have been proposed to furthertackle these challenges, they still need to find the implicit physicallaws from large datasets and rely",12,machine_learning; data_analysis; simulation,machine_learning; ai_scientific_discovery; equation_discovery; graph_neural_networks; physics_informed_ml
201,09-Machine-Learning,Data-driven discovery of the equations of turbulent convection,Christopher J. Wareing; Alasdair T. Roy; Matthew Golden; Roman O. Grigoriev; Steven M. Tobias,2025,,,,29,simulation; experimental; machine_learning,machine_learning; numerical_methods; turbulence; ai_scientific_discovery; equation_discovery; physics_informed_ml
198,09-Machine-Learning,NAS-PINN V2: I MPROVED NEURAL ARCHITECTURE SEARCH,,2025,,,"Limited by the operation and measurement conditions, numerical simulation is often the only feasibleapproach for studying plasma behavior and mechanisms. Although artificial intelligence methods,especially physics-informed neural network (PINN), have been widely applied in plasma simulation,the design of the neural network structures still largely relies on the experience of researchers.Meanwhile, existing neural architecture search methods tailored for PINN have encountered failureswhen de",15,simulation; machine_learning; experimental,mhd; plasma_physics; nuclear_fusion; machine_learning; uncertainty_quantification; numerical_methods; turbulence; ai_scientific_discovery; physics_informed_ml
199,09-Machine-Learning,Neural operator surrogate models of plasma edge simulations: feasibility and data efficiency,N. Carey; L. Zanisi; S. Pamela; V. Gopakumar; J. Omotani; J. Buchanan; J. Brandstetter; F. Paischer; G. Galletti; P. Setinek,2025,,,"Simulation-based plasma scenario development plays a crucial role in designing next-generation tokamaks and fusion power plants. However, the inclusion of high-fidelitysimulations of Scrape-Off Layer (SOL) turbulence and transient MHD events such as EdgeLocalized Modes (ELMs) in highly iterative applications remains computationally prohibitive,limiting their use in design and control workflows. Understanding these phenomena is vital,as they govern heat flux on plasma-facing components, infl",48,simulation; machine_learning; data_analysis; experimental,mhd; plasma_physics; nuclear_fusion; machine_learning; turbulence
200,09-Machine-Learning,Reconstructing Relativistic Magnetohydrodynamics with Physics-Informed Neural Networks,Corwin Cheung; Marcos Johnson-Noya; Michael Xiang; Dominic Chang; Alfredo Guevara,2025,,,"We construct the first physics-informed neural-network (PINN) surrogates for relativistic magneto-hydrodynamics (RMHD) using a hybrid PDE and data-driven workflow. Instead of training for theconservative form of the equations, we work with Jacobians or PDE characteristics directly in termsof primitive variables. We further add to the trainable system the divergence-free condition, withoutthe need of cleaning modes. Using a novel MUON optimizer implementation, we show that a base-line PINN t",10,machine_learning; simulation; experimental,mhd; plasma_physics; machine_learning; numerical_methods; ai_scientific_discovery; physics_informed_ml
202,09-Machine-Learning,Symbolic Regression Is All You Need: From Simulations to Scaling Laws in Binary Neutron Star Mergers,P. Darc; Clecio R. Bom; Charles Kilpatrick; Bernardo M. O. Fraga; Gabriel S. M. Teixeira,2025,,,"Gravitational wave sources with electromagnetic counterparts have highlighted theneed for predictive, interpretable models linking the parameters of compact binarysystems to post-merger remnants and mass outflows. In this work, we exploreAI-driven symbolic regression (SR) frameworks to derive updated analytical rela-tions for disk ejecta mass in binary neutron star mergers, trained on state-of-the-artnumerical relativity simulations. Our method reveals a set of compact equationsthat outper",9,simulation; data_analysis; analytical; machine_learning,machine_learning; uncertainty_quantification; ai_scientific_discovery; physics_informed_ml
190,09-Machine-Learning,-RXUQDO1 D P H,,2024,,,,6,,plasma_physics; electrode_materials; machine_learning
191,09-Machine-Learning,Avoiding fusion plasma tearing instability with deep reinforcement learning,Jaemin Seo,2024,10.1038/s41586-024-07024-9,,,19,machine_learning; experimental; simulation,mhd; plasma_physics; nuclear_fusion; machine_learning
206,09-Machine-Learning,PP1 journal,,2024,,,"-2024-07-10_15h-18m-34s-12 layers, 2048 wide, 30 epochs-After about 6000 steps the train and test error hit what it would be on zeroed input, and the gradients vanished.-2024-07-10_15h-41m-52s-This time let’s try leaky ReLU-12 layers, 2048 wide, 30 epochs-No overﬁtting evident-2024-07-10_16h-10m-24s-4 layers, 512 wide, 30 epochs, leaky ReLU-Trains faster and just as good as the 12x2048 when it comes to the testing loss-Qualitative performance seems a little worse than the bigger model",7,machine_learning; data_analysis,machine_learning
192,09-Machine-Learning,Physics-informed MeshGraphNets (PI-MGNs): Neural finite element solvers for non-stationary and nonlinear simulations on arbitrary meshes,Tobias Würth; Niklas Freymuth; Clemens Zimmerling; Gerhard Neumann; Luise Kärger;,2024,,,"Engineering components must meet increasing technological demands in evershorter development cycles. To face these challenges, a holistic approach isessential that allows for the concurrent development of part design, materialsystem and manufacturing process. Current approaches employ numericalsimulations, which however quickly becomes computation-intensive, espe-cially for iterative optimization. Data-driven machine learning methods canbe used to replace time- and resource-intensive numer",38,machine_learning; simulation,machine_learning; numerical_methods; ai_scientific_discovery; graph_neural_networks; physics_informed_ml
193,09-Machine-Learning,Plasma surrogate modelling using Fourier neural operators,,2024,,,,,,plasma_physics; machine_learning
195,09-Machine-Learning,TORAX: A Fast and Differentiable Tokamak Transport Simulator in JAX,,2024,,,,17,simulation; experimental; machine_learning,plasma_physics; nuclear_fusion; machine_learning; uncertainty_quantification; turbulence
196,09-Machine-Learning,X-MeshGraphNet: Scalable Multi-Scale Graph,,2024,,,"Graph Neural Networks (GNNs) have gained sig-nificant traction for simulating complex physical systems, withmodels like MeshGraphNet demonstrating strong performanceon unstructured simulation meshes. However, these models faceseveral limitations, including scalability issues, requirement formeshing at inference, and challenges in handling long-rangeinteractions. In this work, we introduce X-MeshGraphNet, ascalable, multi-scale extension of MeshGraphNet designed toaddress these challenges",11,simulation; machine_learning,nuclear_fusion; machine_learning; numerical_methods; graph_neural_networks
194,09-Machine-Learning,arXiv:2404.09834v4 [math.AP] 3 Mar 2025ON A DEGENERATE SECOND ORDER TRAFFIC MODEL:,,2024,,,"We propose and analyse a new microscopic second order Follow -the-Leader type schemeto describe traﬃc ﬂows. The main novelty of this model consis ts in multiplying the second order termby a nonlinear function of the global density, with the inten t of considering the attentiveness of thedrivers in dependence on the amount of congestion. Such term makes the system highly degenerate;indeed, coherently with the modellistic viewpoint, we allo w for the nonlinearity to vanish as soon asconsecuti",27,review,nuclear_fusion; machine_learning
189,09-Machine-Learning,Influence of magnetic field on MHD mixed convection in lid-driven cavity with heated wavy bottom surface,Mst. Umme Mahmuda Maya,2023,10.1038/s41598-023-45707-x,,,19,,mhd; machine_learning; numerical_methods
205,09-Machine-Learning,lapd-msi-ebm poster,Phil Travis,2023,,,,1,experimental; machine_learning; data_analysis,plasma_physics; nuclear_fusion; machine_learning; diagnostics
207,09-Machine-Learning,The Influence of the Magnetic Field on DC and the Impulse Breakdown of Noble Gases,"Čedomir I. Belić, Koviljka Đ. Stanković, Milić M. Pejović and Predrag V. Osmokrović",2019,10.3390/ma12050752,,"Increased electromagnetic contamination of the environment accompanied with theampliﬁed miniaturization of electronic components underline the issue of the reliable operationof electronics. Reliability is of utmost importance in special applications such as medical instruments,nuclear installations, fusion experiments, etc., where larger magnetic ﬁelds occur during operation.Therefore, the interest for insulation components that consistently protect instrumentation fromovervoltage is growin",24,experimental,plasma_physics; nuclear_fusion; electrode_materials; machine_learning
208,09-Machine-Learning,Writeup PP1,,,,,,42,machine_learning; experimental; data_analysis,plasma_physics; nuclear_fusion; turbulence; machine_learning
209,10-Uncertainty-Quantification,Epistemic and Aleatoric Uncertainty,,2023,,,"This work suggests several methods of uncertainty treatmentin multiscale modelling and describes their application to a system ofcoupled turbulent transport simulations of a tokamak plasma. We pro-pose a method to quantify the usually aleatoric uncertainty of a systemin a quasistationary state, estimating the mean values and their errorsfor quantities of interest, which is average heat fluxes in the case of tur-bulence simulations. The method defines the stationarity of the systemand sugg",15,simulation; machine_learning; data_analysis,plasma_physics; nuclear_fusion; machine_learning; uncertainty_quantification; turbulence
211,10-Uncertainty-Quantification,Validation set number0.0000.0020.0040.0060.0080.0100.012MSE,,2013,,,,1,,uncertainty_quantification
213,10-Uncertainty-Quantification,z axis pred profile uncertainty,,2000,,,,1,,uncertainty_quantification
210,10-Uncertainty-Quantification,Validation set number0.000000.000050.000100.000150.000200.000250.00030MSE,,,,,,1,,uncertainty_quantification
212,10-Uncertainty-Quantification,pred discharge voltage uncertainty,,,,,,1,,uncertainty_quantification
261,12-Textbooks,CitationRESEARCH ARTICLE| DECEMBER 01 1961,,2025,10.1063/1.1706313,,,11,,plasma_physics
260,12-Textbooks,CitationRESEARCH ARTICLE| DECEMBER 01 1961,,2024,10.1063/1.1706312,,,16,,plasma_physics
270,12-Textbooks,CitationRESEARCH ARTICLE| SEPTEMBER 03 2024,,2024,10.1063/5.0188913,,A plasma device has been created to study dynamic plasma coupling in an E ×B-drifting magnetized plasma. The E ×B magnetized plasmadevice is a 1.2 m diameter by 2 m long cylindrical chamber with two sets of Helmholtz coils in a mirror configuration. A steady-state axialhollow cathode source injects a plasma discharge in electrical contact with a floating conductor at a range that forms a unique axisymmetricequipotential surface or Virtual Cathode Lightsaber (VCL). The VCL generates two plasma,12,experimental; review,mhd; plasma_physics; nuclear_fusion; diagnostics; electrode_materials
274,12-Textbooks,"DD Form 3067-7, ""Science, Mathematics, and Research for Transformation (SMART) Scholarship Phase 1 Annual Report "".pdf",dmccrary,2023,,,,10,review,
264,12-Textbooks,Machine learning accelerated particle-in-cell plasma,,2021,,,"Particle-In-Cell (PIC) methods are frequently used for kinetic, high-ﬁdelity simula-tions of plasmas. Implicit formulations of PIC algorithms feature strong conserva-tion properties, up to numerical round-off errors, and are not subject to time-steplimitations which make them an attractive candidate to use in simulations fusionplasmas. Currently they remain prohibitively expensive for high-ﬁdelity simulationof macroscopic plasmas. We investigate how amortized solvers can be incorporatedwit",8,simulation; machine_learning; experimental,plasma_physics; nuclear_fusion; machine_learning; turbulence; particle_methods; ai_scientific_discovery; physics_informed_ml
279,12-Textbooks,VSim Reference Manual,Tech-X Corporation,2021,,,,622,simulation; review,plasma_physics; uncertainty_quantification; circuit_modeling
275,12-Textbooks,Mjnolir Physics Review,Anthony Link,2019,,,LLNL -PRES -7907575MegaJOuLe Neutron Imaging Radiography (MJOLNIR) design & build teamNow: 1 MJ/2.7 MAUpgrade: 2 MJ/4+ MALLNL -PRES -7907576Stages of a DPF discharge1) insulator flashover2) run -down3) run -in4) pinchAnodeAnodeCathodeInsulatorFill gasStages of a DPF dischargeLLNL -PRES -7907577AnodeAnodeInsulatorStages of a DPF discharge1) insulator flashover2) run -down3) run -in4) pinchStages of a DPF dischargeLLNL -PRES -7907578AnodeAnodeInsulatorStages of a DPF di,38,experimental; simulation,dense_plasma_focus; mhd; plasma_physics; nuclear_fusion; radiation; electrode_materials; particle_methods
256,12-Textbooks,"Plasma and Fusion Research,ISSN 1880-6821",The Japan Society of Plasma Science and Nuclear Fusion Research,2019,10.1585/pfr.14.2402063,,,4,experimental,plasma_physics; nuclear_fusion; diagnostics; electrode_materials
218,12-Textbooks,CitationRESEARCH ARTICLE| DECEMBER 17 2018,,2018,10.1063/1.5051665,,"Maximizing neutron yields by scaling hollow diameter of a dense plasmafocus anodeB. H. Shaw,a)S. Chapman, C. M. Cooper, C. Goyon, J. Angus, A. Link, D. P. Higginson,J. X. Liu, J. M. Mitrani, Y. A. Podpaly, A. Povilus, and A. SchmidtLawrence Livermore National Laboratory, Livermore, California 94550, USA(Received 10 August 2018; accepted 30 November 2018; published online 17 December 2018)Experiments were performed to maximize the neutron yield from a 2 kJ dense plasma focus (DPF)and chara",6,experimental,dense_plasma_focus; plasma_physics; nuclear_fusion; pulsed_power; electrode_materials
263,12-Textbooks,Plasma Formulary,,2018,,,,74,,plasma_physics; nuclear_fusion; radiation
217,12-Textbooks,SIMULATION AND CHARACTERIZATION OF A,,2018,,,,110,experimental; simulation,dense_plasma_focus; z_pinch; plasma_physics; nuclear_fusion; radiation; pulsed_power; electrode_materials
277,12-Textbooks,Thesis,Andre C. Marta,2018,,,Present day computer technology equips standard laptops with enough computational power to matchthat of some supercomputers from the last century. It is extremely beneﬁcial that we make use of techno-logical advances to increase the quality and reach of science teaching. We developed a computationaltoolkit that is intended to be used in the context of plasma physics education. The goal is to include asimulation component in plasma physics courses. Simulations are run in the ZPIC Particle-In-,100,simulation,plasma_physics; diagnostics; particle_methods
278,12-Textbooks,USimInDepth,Tech-X Corporation,2018,,,,212,simulation; review,mhd; plasma_physics; nuclear_fusion
267,12-Textbooks,Plasma Modeling: PRELIMS,,2016,10.1088/978-0-7503-1200-4,,,83,simulation; experimental; analytical; review,mhd; plasma_physics; nuclear_fusion; turbulence; particle_methods
288,12-Textbooks,Francis F . Chen,,2015,10.1007/978-3-319-22309-4,,,499,experimental,mhd; plasma_physics; nuclear_fusion; diagnostics
286,12-Textbooks,No Slide Title,,2015,,,Plasma Fest 2015 Scrape-offlayer Kinetic EffectsEdge pedestal temperature profile near the edge of an H -mode discharge in the DIII -D tokamak. [Porter 2000 ]. Pedestal is shaded region. Schematic views of divertor tokamak and edge -plasma region (magnetic separatrix is the red line and the black boundaries indicate the shape of magnetic flux surfaces) Where are collisions signifiant in plasmas? Example: Tokamak edge boundary layer R (cm) Temp. (eV) 0 500 1000 What Can Math A,22,simulation; experimental,plasma_physics; uncertainty_quantification
220,12-Textbooks,LLNL-JRNL-650219,,2014,,,"Dense plasma focus (DPF) Z -pinch devices are sources of copious high energy electrons and ions, x -rays, and neutrons. The mechanisms through which these physically simple devices generate such high -energy beams in a relatively short distance are not fully understood and past optimization efforts of these devices have been largely empirical . Previously we reported on the first fully kinetic simulations of a DPF and compared them with hybrid and fluid simulations of the same device . Here",12,simulation; experimental; machine_learning,dense_plasma_focus; z_pinch; plasma_physics; nuclear_fusion; pulsed_power; electrode_materials; circuit_modeling; particle_methods
221,12-Textbooks,LLNL-TR-659069,,2014,,,"This document was prepared as an account of work sponsored by an agency of the United States government. Neither the United States government nor Lawrence Livermore National Security, LLC, nor any of their employees makes any warranty, expre ssed or implied, or assumes any legal liability or responsibility for the accuracy, completeness, or usefulness of any information, apparatus, product, or process disclosed, or represents that its use would not infringe privately owned rights. Reference h",6,simulation; experimental,dense_plasma_focus; plasma_physics; nuclear_fusion; radiation; uncertainty_quantification; electrode_materials; particle_methods
273,12-Textbooks,"Modeling and Simulation in Science,",,2013,10.1007/978-3-319-03804-9Springer,,,246,simulation; analytical,mhd; plasma_physics; turbulence
251,12-Textbooks,CitationRESEARCH ARTICLE| SEPTEMBER 17 2012,,2012,10.1063/1.4752073,,"Alfv /C19en’s critical ionization velocity observed in high power impulsemagnetron sputtering dischargesN. Brenning and D. LundinDivision of Space and Plasma Physics, School of Electric Engineering, Royal Institute of Technology,SE-100 44, Stockholm, Sweden(Received 20 June 2012; accepted 28 August 2012; published online 17 September 2012)Azimuthally rotating dense plasma structures, spokes, have recently been detected in several highpower impulse magnetron sputtering (HiPIMS) devices use",6,experimental; review,plasma_physics; diagnostics; electrode_materials
219,12-Textbooks,LLNL-JRNL-563254,,2012,,,"Dense plasma focus (DPF) Z -pinch devices are sources of copious high energy electrons and ions, x -rays, and neutrons. The mechanisms through which these physically simple devices generate such high -energy beams in a relatively short distance arenot fully understood. We now have, for the first time, demonstrated a capability to model these plasmas fully kinetically, allowing us to simulate the pinch proces sat the particle scale. We present here the results of the initial kinetic simulatio",11,simulation; experimental; machine_learning,dense_plasma_focus; z_pinch; plasma_physics; nuclear_fusion; pulsed_power; electrode_materials; particle_methods
269,12-Textbooks,ORNL/TM-2012/57,,2012,,,,18,simulation; experimental,mhd; plasma_physics; nuclear_fusion
266,12-Textbooks,This is the accepted manuscript made available via CHORUS. The article has been,,2012,10.1103/PhysRevLett.109.205003,,"Dense plasma focus (DPF) Z-pinch devices are sources of copious high energy electrons and ions, x-rays, and neutrons. The mechanisms through which these physically simple devices generate such high-energy beams in a relatively short distance are no t fully understood. We now have, for the first time, demonstrated a capability to model these plasmas fu lly kinetically, allowing us to simulate the pinch process at the particle scale. We present here the results of the initial kinetic simulatio",10,simulation; experimental; machine_learning,dense_plasma_focus; z_pinch; plasma_physics; nuclear_fusion; radiation; pulsed_power; electrode_materials; particle_methods
262,12-Textbooks,untitled,,2012,10.1109/TPS.2012.2222676,,"The dense plasma focus (DPF) is a Z-pinch that hasbeen studied for 50 years. Within ten years of its discovery byFillipov and Fillipova in Russia and Mather in the USA, thisdense pinch was scaled up to 2-MA currents and neutron outputsof∼1012/pulse. More remarkable is the fact that most of therelevant physics and scaling laws were elucidated within this ﬁrstdecade. The subsequent period has seen this type of pinch usedas a teaching tool, developed as a portable neutron source forsecurity appl",33,experimental; review,dense_plasma_focus; z_pinch; mhd; plasma_physics; nuclear_fusion; radiation; pulsed_power; electrode_materials
297,12-Textbooks,CitationBRIEF REPORT| SEPTEMBER 26 2011,,2011,10.1063/1.3631793,,"The magnetic centrifugal mass filterAbraham J. Fetterman and Nathaniel J. FischDepartment of Astrophysical Sciences, Princeton University, Princeton, New Jersey 08540, USA(Received 26 July 2011; accepted 9 August 2011; published online 26 September 2011)Mass ﬁlters using rotating plasmas have been considered for separating nuclear waste and spentnuclear fuel. We propose a new mass ﬁlter that utilizes centrifugal and magnetic conﬁnement ofions in a way similar to the asymmetric centrifugal",4,,plasma_physics; nuclear_fusion
216,12-Textbooks,,Loh,2010,,,"Module 1: Introduction - The Plasma Focus and the Lee model (Lecture -2hrs or self -reading 4 hrs) 1 1.1 Description of the plasma focus. How it works, dimensions and lifetimes of the hot dense plasma 2 1.2 Scaling proper ties of the plasma focus 6 1.3 The radiative Lee model: the 5 phases 8 1.4 Using the Lee model as reference for diagnostics 11 1.5 Insights on plasma focus from numerical experiments using Lee model code 16 Module 2: Universal Plasma Focus Laborat ory",200,experimental,dense_plasma_focus; plasma_physics; nuclear_fusion; radiation; pulsed_power; electrode_materials
254,12-Textbooks,Numerical Experiments Providing New Insights into Plasma Focus Fusion Devices,Sing Lee,2010,10.3390/en3040711,,"Recent extensive and systematic numerical experiments have uncovered new insights into plasma focus fusion devices in cluding the following: (1) a plasma current limitation effect, as device static inductance is reduced towards very small values; (2) scaling laws of neutron yield and soft x-ra y yield as functions of storage energies and currents; (3) a global scaling law for neut ron yield as a function of storage energy combining experimental and numerical data showing that scaling det",27,experimental; simulation,dense_plasma_focus; z_pinch; plasma_physics; nuclear_fusion; electrode_materials
276,12-Textbooks,LLNL-JRNL-420827,,2009,,,"The successful operation (with β≤60%, classical ions and electrons with Te=250 eV) ofthe Gas Dynamic Trap (GDT) device at the Budker Institute of Nuclear Physics (BINP)in Novosibirsk, Russia, extrapolates to a 2 MW/m2 Dynamic Trap Neutron Source(DTNS), which burns only ~100 g of tritium per full power year. The DTNS has noserious physics, engineering, or technology obstacles; the extension of neutral beam linesto steady state can use demonstrated engineering; and it supports near-term tokamaks a",83,experimental,mhd; plasma_physics; nuclear_fusion
215,12-Textbooks,SAND2009-6373,,2009,,,We have carried out 2D simulations of th ree dense plasma focus (DPF) devices using the ALEGRA-HEDP code and validated the results against expe riments. The three devices included two Mather-type machines described by Bernard et. al. [1] and the Tallboy device currently in operation at NS Tec in North Las Vegas. We present simulation results and compare to detailed plasma measurements for one Bernard device and to current and neutron yields for all three. We also describe a new ALEGRA cap,28,simulation; experimental,dense_plasma_focus; mhd; plasma_physics; nuclear_fusion; radiation; pulsed_power; electrode_materials; particle_methods
280,12-Textbooks,SAND2007-2984P,,2007,,,"ivACKNOWLEDGMENTSJeff Quintenz initiated this history project while serving as director of the Pulsed Power Sciences Center. Keith Matzen, who took over the Center in 2005, continued funding and support for the project.The author is grateful to the following people for their assistance with this history:Staff in the Sandia History Project and Records Management Department, in particular Myra O’Canna, Rebecca Ullrich, and Laura Martinez. Also Ramona Abeyta, Shirley Aleman, Anna Nusbaum,",166,experimental; review,nuclear_fusion; pulsed_power
301,12-Textbooks,01621283.pdf,Robert Krasny,2006,10.1109/TPS.2006.871104inunbounded,,,17,simulation,plasma_physics; uncertainty_quantification; electrode_materials; particle_methods
289,12-Textbooks,FUNDAMENTALS OF PLASMA PHYSICS,PAUL M.BELLAN,2005,,,,6,review,mhd; plasma_physics; nuclear_fusion; diagnostics
281,12-Textbooks,CitationRESEARCH ARTICLE| MAY 01 2003,,2003,10.1063/1.1558294,,"Sheared ﬂow stabilization experiments in the ZaP ﬂow Z pincha U. Shumlak,b)B. A. Nelson, R. P. Golingo, S. L. Jackson, and E. A. CrawfordUniversity of Washington, Aerospace and Energetics Research Program, Seattle, Washington 98195 –2250D. J. Den HartogDepartment of Physics, University of Wisconsin-Madison, Madison, Wisconsin 53706~Received 7 November 2002; accepted 9 January 2003 !The stabilizing effect of a sheared axial ﬂow on the m51 kink instability in Z pinches has beenstudied numer",9,experimental; simulation; machine_learning,z_pinch; mhd; plasma_physics; nuclear_fusion; diagnostics; pulsed_power; electrode_materials; turbulence
293,12-Textbooks,FUNDAMENTALS OF PLASMA PHYSICS,PAUL M.BELLAN,2001,,,,6,experimental; review,mhd; plasma_physics; nuclear_fusion
265,12-Textbooks,"PREPARED FOR THE U.S. DEPARTMENT OF ENERGY,",,2001,,,"TheuseofthePythonscriptinglanguageforscientificapplicationsandinparticulartosolvepartialdifferentialequationsisexplored.ItisshownthatPython'srichdatastructureandobjectorientedfeaturescanbeexploitedtowriteprogramsthatarenotonlysignificantlymoreconcisethantheircounterpartswritteninFortran,CorC++,butarealsonumericallyefficient.Toillustratethis,atwo-dimensionalfiniteelementcode(ELLIPT2D)hasbeenwritten.ELLIPT2Dprovidesaflexibleandeasy-to-useframeworkforsolvingalargeclassofsecondorderellipticprob",15,experimental,mhd; plasma_physics; nuclear_fusion; numerical_methods; electrode_materials
303,12-Textbooks,FUNDAMENTALS OF PLASMA PHYSICS,PAUL M.BELLAN,1996,10.1017/CBO9780511807183.023,,,5,experimental,mhd; plasma_physics; nuclear_fusion
222,12-Textbooks,ANODE GEOMETRY AND FOCUS CHARACTERISTICS,,1995,,,,271,experimental,dense_plasma_focus; plasma_physics; nuclear_fusion; radiation; electrode_materials
300,12-Textbooks,FUNDAMENTALS OF PLASMA PHYSICS,PAUL M.BELLAN,1992,10.1017/CBO9780511807183.017,,,26,,mhd; plasma_physics; nuclear_fusion; electrode_materials
285,12-Textbooks,FUNDAMENTALS OF PLASMA PHYSICS,PAUL M.BELLAN,1989,10.1017/CBO9780511807183.022,,,2,experimental,mhd; plasma_physics; nuclear_fusion; turbulence
252,12-Textbooks,Copyright,,1986,,,,1,,plasma_physics
214,12-Textbooks,PII: 0375-9601(80)90273-X,,1980,,,"Volume79A,number5,6 PHYSICS LETTERS 27October 198036mmMicrowavediagnostics Coaxialplasmagun~4 ....B:H-iNaClResistor p ~IETh~(< DRIFTSPACE>~J~ 1—10kvPUMP PortforNeutralI 56~fdNeutralgas gasp~jlsemonitoring Electromagneticinjectionvalve gasvalve — ~gapFig.1.Schematic oftheexperiment. Theblackcirclesindicatethelocations ofVxBprobesformeasuring plasmastreamvelocityatdifferent pointsinthegascloud.1000Gisprovided intheinteraction regionwherea PLASMA -HYDROGENgascloudisinjectedbyanelectromag",6,experimental,plasma_physics; nuclear_fusion; diagnostics
295,12-Textbooks,FUNDAMENTALS OF PLASMA PHYSICS,PAUL M.BELLAN,1978,10.1017/CBO9780511807183.012,,,25,machine_learning,mhd; plasma_physics
272,12-Textbooks,REVIEW PAPER,,1971,,,"A review is given of theoretical and experimental investigations on rotating plasmas. The basic equationsare discussed from the microscopic and macroscopic points of view, including the balance of matter, momentum, and heat,as well as associated stability problems and limiting effects. Various types of devices are described, and obtained experimentalresults are compared with theoretical predictions. The review also summarizes the applications of rotating plasmas to fusionresearch, cosmical",50,experimental; review; machine_learning,z_pinch; mhd; plasma_physics; nuclear_fusion; electrode_materials
257,12-Textbooks,CitationRESEARCH ARTICLE| FEBRUARY 01 1959,,1959,10.1063/1.1735132,,"JOURNAL OF APPLIED PHYSICS VOLUME 30. NUMBER 2 FEBRUARY. 1959 Hydromagnetic Capacitor* OSCAR ANDERSON, t WILLIAM R. BAKER, t ALEXANDER BRATENAHL, t HAROLD P. FURTH,t AND WULF B. KUNKEL t Radiation Laboratory, University oj California, Berkeley, Calijornia (Received June 30, 1958) Very high dielectric constants can easily be achieved by means of an io.nized gas in a .strong magnetic field. When an orthogonal electric field is applied, the resultant particle dnft stores electncal energy. In",10,experimental,plasma_physics; pulsed_power; electrode_materials; physics_informed_ml
292,12-Textbooks,FUNDAMENTALS OF PLASMA PHYSICS,PAUL M.BELLAN,1957,10.1017/CBO9780511807183.014,,,20,,mhd; plasma_physics
284,12-Textbooks,FUNDAMENTALS OF PLASMA PHYSICS,PAUL M.BELLAN,1950,10.1017/CBO9780511807183.002,,,33,experimental; machine_learning,plasma_physics; nuclear_fusion; diagnostics
258,12-Textbooks,"Adiabatic gas law, 214,218,314",,,,,,9,,mhd; plasma_physics; nuclear_fusion; radiation; diagnostics
229,12-Textbooks,Amazon.com Shopping Cart,,,,,,4,,
282,12-Textbooks,Application of a Plasma Accelerator of the Dense Plasma Focus Type in Simulation of Radiation Damage and Testing of Materials for Nuclear Systems,Пименов,,,,"We present some results of our experiments with use of a number of plasma accelerators of the Dense Plasma Focus type, namely PF-5M (IMET, bank energy – 5 kJ), PF-6 (IPPLM, 7 kJ), and the largest in the world DPF facility operating with deuterium as a working gas PF-1000 (IPPLM, 1.2 MJ). We use this set of devices for application in the field of radiation material sciences , in particular for Simulation of Radiation Damage and Testing of Materials intended for use in Thermonuclear Reactors",8,experimental; simulation,dense_plasma_focus; plasma_physics; nuclear_fusion; electrode_materials
228,12-Textbooks,Approximate Magnitudes in Some Typical Plasmas,,,,,,1,,plasma_physics; nuclear_fusion
247,12-Textbooks,Average Values and Macroscopic Variables,,,,,,20,,plasma_physics
241,12-Textbooks,Charged Particle Motion in Constant and Uniform Electromagnetic Fields,,,,,,28,,plasma_physics
244,12-Textbooks,Charged Particle Motion in Nonuniform Magnetostatic Fields,,,,,,36,,plasma_physics; nuclear_fusion
245,12-Textbooks,Charged Particle Motion in Time-varying Electromagnetic Fields,,,,,,28,,plasma_physics
226,12-Textbooks,Conversion Factors for Units,,,,,,1,,plasma_physics
253,12-Textbooks,"Dimensions and Lifetime of the Plasma Focus Pinch - Plasma Science, IEEE Transactions on",IEEE,,,,,5,,
235,12-Textbooks,Electromagnetic Waves in Free Space,,,,,,24,,plasma_physics
246,12-Textbooks,Elements of Plasma Kinetic Theory,,,,,,20,data_analysis,plasma_physics; numerical_methods
283,12-Textbooks,FUNDAMENTALS OF PLASMA PHYSICS,PAUL M.BELLAN,,,,,4,,
290,12-Textbooks,FUNDAMENTALS OF PLASMA PHYSICS,PAUL M.BELLAN,,10.1017/CBO9780511807183.018,,,26,experimental,plasma_physics
291,12-Textbooks,FUNDAMENTALS OF PLASMA PHYSICS,PAUL M.BELLAN,,10.1017/CBO9780511807183.005,,,28,,mhd; plasma_physics
294,12-Textbooks,FUNDAMENTALS OF PLASMA PHYSICS,PAUL M.BELLAN,,,,,6,analytical,mhd; plasma_physics; nuclear_fusion; diagnostics; electrode_materials
296,12-Textbooks,FUNDAMENTALS OF PLASMA PHYSICS,PAUL M.BELLAN,,10.1017/CBO9780511807183.013,,,26,,mhd; plasma_physics; nuclear_fusion; turbulence
298,12-Textbooks,FUNDAMENTALS OF PLASMA PHYSICS,PAUL M.BELLAN,,10.1017/CBO9780511807183.010,,,37,,mhd; plasma_physics; nuclear_fusion
299,12-Textbooks,FUNDAMENTALS OF PLASMA PHYSICS,PAUL M.BELLAN,,10.1017/CBO9780511807183.004,,"Hamiltonian–Lagrangian formalism exploits time and space symmetries. A brief review ofthe Hamiltonian–Lagrangian formalism follows, emphasizing aspects relevant todynamics of charged particles.The starting point is to postulate the existence of a function L, called theLagrangian, which:",71,,plasma_physics
304,12-Textbooks,FUNDAMENTALS OF PLASMA PHYSICS,PAUL M.BELLAN,,10.1017/CBO9780511807183.011,,,43,,mhd; plasma_physics; nuclear_fusion
305,12-Textbooks,FUNDAMENTALS OF PLASMA PHYSICS,PAUL M.BELLAN,,10.1017/CBO9780511807183.006,,,32,,plasma_physics
306,12-Textbooks,FUNDAMENTALS OF PLASMA PHYSICS,PAUL M.BELLAN,,10.1017/CBO9780511807183.009,,,40,,plasma_physics
307,12-Textbooks,FUNDAMENTALS OF PLASMA PHYSICS,PAUL M.BELLAN,,10.1017/CBO9780511807183.003,,,41,experimental,mhd; plasma_physics; diagnostics
308,12-Textbooks,FUNDAMENTALS OF PLASMA PHYSICS,PAUL M.BELLAN,,10.1017/CBO9780511807183.015,,,35,data_analysis,plasma_physics; nuclear_fusion; turbulence
309,12-Textbooks,FUNDAMENTALS OF PLASMA PHYSICS,PAUL M.BELLAN,,10.1017/CBO9780511807183.008,,,23,,plasma_physics
310,12-Textbooks,FUNDAMENTALS OF PLASMA PHYSICS,PAUL M.BELLAN,,10.1017/CBO9780511807183.016,,,39,,plasma_physics
255,12-Textbooks,Front Matter,,,,,,1,,plasma_physics
302,12-Textbooks,Innovative Edu cation & Training in High Power Laser Plasmas,Δημητρίου Βασίλειος,,,,Innovative Edu cation & Training in High Power Laser Plasmas Plasma Physics - Theory and Experiments,229,experimental; machine_learning,dense_plasma_focus; plasma_physics; diagnostics
230,12-Textbooks,Institute of Computational Mathematics and Mathematical,Kulikov,,,,,32,simulation,mhd; plasma_physics; nuclear_fusion; radiation; numerical_methods
231,12-Textbooks,Introduction,,,,,,32,experimental,plasma_physics; nuclear_fusion; radiation
259,12-Textbooks,Introduction to plasma physics using Python,,,,,,1,,mhd; plasma_physics; physics_informed_ml
250,12-Textbooks,Macroscopic Equations for a Conducting Fluid,,,,,,20,,plasma_physics; nuclear_fusion
249,12-Textbooks,Macroscopic Transport Equations,,,,,,27,analytical,plasma_physics
236,12-Textbooks,Magnetohydrodynamic Waves,,,,,,25,,mhd; plasma_physics
287,12-Textbooks,Microsoft Word - 4355E7A4-1855-2834CE.doc,www,,,,"S Lee International Centre for Dense Magnetised Plasmas, Warsaw, Poland, and Plasma Radiation Lab, NIE, Nanyang Technological University, Singapore leesing@optusnet.com.au",7,experimental; review,dense_plasma_focus; plasma_physics; nuclear_fusion; electrode_materials
225,12-Textbooks,Physical Constants (MKSA),,,,,,1,,plasma_physics
232,12-Textbooks,Plasma Conductivity and Diffusion,,,,,,34,,mhd; plasma_physics; nuclear_fusion
268,12-Textbooks,Preface,,,,,,2,analytical,mhd; plasma_physics; nuclear_fusion; turbulence
271,12-Textbooks,Related Pergamon Titles of Interest,,,,,,1,,mhd; plasma_physics; nuclear_fusion
234,12-Textbooks,Simple Applications of Magnetohydrodynamics,,,,,,28,,mhd; plasma_physics
233,12-Textbooks,Some Basic Plasma Phenomena,,,,,,32,experimental,plasma_physics
227,12-Textbooks,Some Important Plasma Parameters,,,,,,3,,plasma_physics; nuclear_fusion
242,12-Textbooks,The Boltzmann and the Fokker-Planck Equations,,,,,,42,analytical,plasma_physics
248,12-Textbooks,The Equilibrium State,,,,,,33,,plasma_physics
243,12-Textbooks,Transport Processes in Plasmas,,,,,,31,,plasma_physics; nuclear_fusion
224,12-Textbooks,Useful Relations in Cartesian and in Curvilinear Coordinates,,,,,,5,,plasma_physics
223,12-Textbooks,Useful Vector Relations,,,,,,3,,plasma_physics
237,12-Textbooks,Waves in Cold Plasmas,,,,,,54,,plasma_physics; nuclear_fusion
239,12-Textbooks,Waves in Hot Isotropic Plasmas,,,,,,34,,plasma_physics
240,12-Textbooks,Waves in Hot Magnetized Plasmas,,,,,,48,,plasma_physics
238,12-Textbooks,Waves in Warm Plasmas,,,,,,33,,plasma_physics
312,13-Computing,Advances in Computational Science and Engineering,,2023,10.3934/acse.2023015,,"Multi-fidelity models provide a framework for integrating compu-tational models of varying complexity, allowing for accurate predictions whileoptimizing computational resources. These models are especially beneficialwhen acquiring high-accuracy data is costly or computationally intensive. Thisreview offers a comprehensive analysis of multi-fidelity models, focusing ontheir applications in scientific and engineering fields, particularly in optimiza-tion and uncertainty quantification. It cl",50,review; simulation; machine_learning; experimental,machine_learning; uncertainty_quantification; ai_scientific_discovery
311,13-Computing,Machine learning in solar physics,Andrés Asensio Ramos,2023,10.1007/s41116-023-00038-x,,"The application of machine learning in solar physics has the potential to greatlyenhance our understanding of the complex processes that take place in the atmo-sphere of the Sun. By using techniques such as deep learning, we are now in theposition to analyze large amounts of data from solar observations and identify pat-terns and trends that may not have been apparent using traditional methods. This canhelp us improve our understanding of explosive events like solar ﬂares, which canhave a str",89,machine_learning; review; data_analysis,nuclear_fusion; machine_learning; graph_neural_networks
313,13-Computing,An Approximate Time-Parallel Method for the Fast and Accurate Computation of Particle Trajectories in a Magnetic Field,"Carl Lederman, David Bilyeu",2018,10.4236/jamp.2018.63046,,"A temporal multiscale hybridization method is presented that carefully couples coarse scale gyrokinetic models with exact charged particle solution trajectories (that is, with full phase information) in a magnetic field. The a p-proach is based on the careful approximation of a sum, generally employed for time -parallel (TP) computing applications. While the h ybridization m e-thod presented is highly parallelizable, a computational efficiency gain is seen from considering serial computat",22,simulation,
329,15-Adjacent-Fields,A constrained-transport embedded boundary method for compressible resistive magnetohydrodynamics,Samuel W. Jones; Colin P. McNally; Meritt Reynolds,2026,10.1016/j.jcp.2025.114641,,"Motivated by the increased interest in pulsed-power magneto-inertial fusion devices in recent years, we present a method forimplementing an arbitrarily shaped embedded boundary on a Cartesian mesh while solving the equations of compressible resistivemagnetohydrodynamics. The method is built around a finite volume formulation of the equations in which a Riemann solver is usedto compute fluxes on the faces between grid cells, and a face-centered constrained transport formulation of the inductio",31,experimental; simulation,mhd; plasma_physics; nuclear_fusion; numerical_methods; physics_informed_ml
334,15-Adjacent-Fields,A parametric study of the turbulent energy transfer in three-dimensional lattice-Boltzmann Hall-MHD plasma simulations,,2026,10.1063/5.0298970,,"Observations from heliospheric missions have deepened our understanding of the solar wind. However, the complexity arising from itsquasi-collisionless and multiscale nature leaves open several key questions on how energy is transferred and dissipated in the interplanetaryplasma. In this parametric study, we investigate turbulent energy transfer and intermittent plasma processes in three-dimensional directnumerical simulations, in the Hall-MHD framework, performed with the fast lattice-Boltzma",11,simulation; experimental; machine_learning,mhd; plasma_physics; turbulence; particle_methods
330,15-Adjacent-Fields,Available Energy and Ground States of Convective Hydrodynamic and Hydromagnetic Instabilities,Kaixuan Fan; Yao Zhou,2026,,,,6,simulation; machine_learning,z_pinch; plasma_physics; nuclear_fusion; turbulence
343,15-Adjacent-Fields,Differentiable Programming for Plasma Physics: From Diagnostics to Discovery and Design,A. S. Joglekar; A. G. R. Thomas; A. L. Milder; K. G. Miller; J. P. Palastro; D. H. Froula,2026,,2603.11231,,14,simulation; machine_learning; experimental; analytical,plasma_physics; machine_learning; diagnostics; turbulence; particle_methods; ai_scientific_discovery; equation_discovery; physics_informed_ml
331,15-Adjacent-Fields,Extension of the fusion power plant costing standard,Simon Woodruff; Alicia Durham; Alex Higginbottom; Chris Raastad,2026,,,"This paper documents the work of the Clean Air Task Force (CATF) International Working Group(IWG) on Fusion Cost Analysis in 2024–2025, and the methodological extensions implemented inthe CATF-supported branch of the pyFECONs fusion power-plant costing framework. Using thestandards-aligned chart-of-accounts and physics-to-economics workflow established by ARPA-E ( 1).The IWG development reorganizes and deepens the framework around three architecture-definingcost-driver tracks:Magnetic Fusio",33,review,plasma_physics; nuclear_fusion; pulsed_power
332,15-Adjacent-Fields,Fused-Silica Activation Cherenkov Detector for Pulsed D--T Fusion Yields,N. Kaneshige; S. Alawabdeh; W. Hennig; D. Cech; M. Hua; R. Grazioso,2026,,,"We demonstrate a compact, non-toxic, low-cost neutron-yield diagnostic for pulsed D–T fusionmachines that uses an undoped fused-silica (SiO2) rod as both activation target and Cherenkovradiator. D–T neutrons (14.1 MeV) activate28Si and16O to produce short-lived28Al (𝑇1∕2=134s)and16N (𝑇1∕2= 7.13s); ensuing𝛽−particles exceed the Cherenkov threshold and generate UV–visiblelightdetectedbyafastphotomultipliertube.A 6inlength×1indiameter SiO2rodisopticallycoupledandreadoutwithaCAENDT5730digitizer",7,experimental,dense_plasma_focus; z_pinch; plasma_physics; nuclear_fusion; radiation; electrode_materials
333,15-Adjacent-Fields,Hydrodynamic simulations of expanded warm dense foil heated by pulsed-power,Luc Revello; Laurent Videau; Frédéric Zucchini; Mathurin Lagrée; Christophe Blancard; Benjamin Jodar,2026,,,,14,experimental; simulation,mhd; plasma_physics; nuclear_fusion; circuit_modeling
336,15-Adjacent-Fields,Langmuir probes in a wide range of plasma density: Emissive and non-emissive probes,Valerian Nemchinsky,2026,10.1063/5.0286881,,"Ion saturation current and floating potential were calculated for non-emissive and emissive probes using a kinetic approach. A wide range of plasmapressures was considered: from almost collisionless R/ l/C281 up to almost continuous (R/ l/C291) cases, where R is the probe radius and lis the ion freepath. Calculations were performed for cold ions (ion temperature T i¼0) and for warm ions (the ratio of the ion temperature to the electron temper-ature T i/Tenot exceeding approximately 0.3). The",11,experimental; review,plasma_physics; diagnostics
338,15-Adjacent-Fields,Study on the reignition phase and magnetic field simulation of drawn vacuum arc in 126 kV axial magnetic field contacts,,2026,10.1063/5.0309001,,"With the increase in breaking voltage level, studying the evolution characteristics of reignition of high-current vacuum arc plays an importantrole to improve the breaking capacity of vacuum circuit breakers. In order to analyze the characteristics of the arc in the reignition phase of126 kV axial magnetic field (AMF) contacts, drawn vacuum arc experiments were conducted in a detachable vacuum chamber and magneticfield simulations were performed under corresponding conditions. By analyzing th",10,experimental; simulation,plasma_physics; pulsed_power; electrode_materials
340,15-Adjacent-Fields,The role of particle feedback on particle acceleration in magnetic reconnection,,2026,10.1063/5.0294865,,"Magnetic reconnection is a ubiquitous process in astrophysical plasmas and an efficient mechanism for particle acceleration. Using 2.5Dmagnetohydrodynamic simulations with a co-evolving fluid-particle framework, we investigate how particle feedback affects reconnectionand acceleration. Our simulations demonstrate that particle feedback to the fluid amplifies shear flows within magnetic islands, whichstrengthens the convective electric field and thereby boosts particle acceleration. This mecha",8,simulation,mhd; plasma_physics; turbulence; particle_methods
344,15-Adjacent-Fields,A Comprehensive Review of Reliability Analysis for Pulsed Power Supplies,"Xiaozhen Zhao, Haolin Tong, Haodong Wu, Ahmed Abu-Siada, Kui Li and Chenguo Yao",2025,10.3390/en19020518,,"Achieving high reliability remains the critical challenge for pulsed power supplies (PPS),whose core components are susceptible to severe degradation and catastrophic failure dueto long-term operation under electrical, thermal and magnetic stresses, particularly thoseassociated with high voltage and high current. This reliability challenge fundamentallylimits the widespread deployment of PPSs in defense and industrial applications. Thisarticle provides a comprehensive and systematic review",36,review; experimental,z_pinch; plasma_physics; pulsed_power; electrode_materials
324,15-Adjacent-Fields,A classification of restrictive polynomial correspondences,Bharath Krishna Seshadri; Shrihari Sridharan,2025,,,"In this manuscript, we study a special class of correspondences on P1ˆP1, namelypolynomial correspondences. We focus on what we call restrictive polynomial corre-spondence, categorise them into reducible and irreducible ones. We further give char-acterising results for reducible and irreducible restrictive polynomial correspondences.We also define an operation that paves the way to obtain a new irreducible restric-tive polynomial correspondence from any two given irreducible restrictive pol",18,,ai_scientific_discovery; equation_discovery
322,15-Adjacent-Fields,Dynami-CAL GraphNet: A Physics-Informed Graph Neural Network Conserving Linear and Angular Momentum for Dynamical Systems,Vinay Sharma; Olga Fink,2025,,,"Accurate, interpretable, and real-time modeling of multi-body dynamical systems is essential for pre-dicting behaviors and inferring physical properties in natural and engineered environments. Traditionalphysics-based models face scalability challenges and are computationally demanding, while data-drivenapproaches like Graph Neural Networks (GNNs) often lack physical consistency, interpretability, andgeneralization. In this paper, we proposeDynami-CAL GraphNet, a Physics-Informed Graph Neura",29,machine_learning; simulation,machine_learning; ai_scientific_discovery; graph_neural_networks; physics_informed_ml
323,15-Adjacent-Fields,"Exploring the Physics of the Plasma Liner Experiment: A Multi-dimensional Study with FLASH, OSIRIS, and HELIOS",E. C. Hansen; P. Farmakis; D. Michta; C. Ren; H. Wen; S. Langendorf; F. Chu; P. Tzeferacos,2025,,,,29,experimental; simulation; analytical,mhd; plasma_physics; nuclear_fusion; radiation; turbulence; particle_methods
325,15-Adjacent-Fields,High Gain Fusion Target Design using Generative Artificial Intelligence,Michael E. Glinsky,2025,,,,5,experimental,z_pinch; plasma_physics; nuclear_fusion; radiation
326,15-Adjacent-Fields,Resistive diffusion and radiative cooling effects in magnetized oblique shocks,R. Datta; E. Neill; E. Freeman; E. S. Lavine; S. Chowdhry; L. Horan IV au2; W. M. Potter; D. A. Hammer; B. R. Kusse; J. D. Hare,2025,,,,16,experimental; machine_learning,z_pinch; mhd; plasma_physics; nuclear_fusion; diagnostics; pulsed_power
327,15-Adjacent-Fields,Revisiting Fusion in D-3He Plasmas With Spin-Polarized Fuel,,2025,,,,24,experimental; machine_learning,z_pinch; plasma_physics; nuclear_fusion; radiation
328,15-Adjacent-Fields,Validation of FLASH for magnetically driven inertial,,2025,,,,30,experimental; simulation; review,z_pinch; mhd; plasma_physics; nuclear_fusion; radiation; pulsed_power; circuit_modeling
316,15-Adjacent-Fields,Exploring self-consistent 2.5D flare simulations with MPI-AMRVAC,"Druett Malcolm, Ruan Wenzhi, Keppens Rony",2024,,,,26,simulation,mhd; plasma_physics; radiation; turbulence
317,15-Adjacent-Fields,Formation and Study of a Spherical Plasma Liner for Plasma-Jet-Driven Magneto-Inertial Fusion,,2024,,,,14,experimental,z_pinch; plasma_physics; nuclear_fusion; pulsed_power; electrode_materials
318,15-Adjacent-Fields,LLNL-JRNL-856211,,2024,,,"Nuclear fusion is a potential source of carbon-freeelectricity with many concepts in development. The Portable andAdaptable Neutron Diagnostics for Advancing Fusion Energy Sci-ence (PANDA-FES) suite has been deployed since 2021 to measureneutron yield, energy, and spatiotemporal source location at twodifferent Z-pinch fusion devices. This diagnostic can be used ata variety of facilities pursuing fusion in the magnetic, inertial,and magneto-inertial regimes. These different regimes have a",12,experimental,dense_plasma_focus; z_pinch; plasma_physics; nuclear_fusion; radiation; machine_learning
319,15-Adjacent-Fields,PDE-LEARN : Using Deep Learning to Discover Partial Diﬀerential,,2024,,,"In this paper, we introduce PDE-LEARN , a novel deep learning algorithm that can identify governing partialdiﬀerential equations (PDEs) directly from noisy, limited measurements of a physical system of interest.PDE-LEARN uses a Rational Neural Network, U, to approximate the system response function and a sparse,trainable vector, ξ, to characterize the hidden PDE that the system response function satisﬁes. Our approachcouples the training of Uandξusing a loss function that (1) makes Uapproxim",25,machine_learning; experimental,machine_learning; ai_scientific_discovery; equation_discovery; physics_informed_ml
320,15-Adjacent-Fields,PHYSICS -CONSTRAINED POLYNOMIAL CHAOS EXPANSION FOR,,2024,,,"We present a novel physics-constrained polynomial chaos expansion as a surrogatemodeling method capable of performing both scientific machine learning ( SciML )and uncertainty quantification ( UQ) tasks. The proposed method possesses a uniquecapability: it seamlessly integrates SciML intoUQand vice versa, which allowsit to quantify the uncertainties in SciML tasks effectively and leverage SciML forimproved uncertainty assessment during UQ-related tasks. The proposed surrogatemodel can effe",34,machine_learning; simulation; data_analysis,machine_learning; uncertainty_quantification; ai_scientific_discovery; physics_informed_ml
337,15-Adjacent-Fields,Reducing the computational complexity of implicit schemes in the modeling of kinetic inelastic collisions in a partially ionized plasma,,2024,10.1002/num.23121,,"Modeling the time evolution of atomic number densitiesand the kinetic (non-Maxwellian) electron energy distribu-tion function under the action of electron impact collisionsby classical approaches requires an implicit time-steppingscheme to maintain numerical stability. The resulting lin-ear system that must be iteratively solved at each timestep incorporates a dense (nonsparse) matrix. For Lvari-ables being propagated, the computational cost is O(L3).We present an alternative approach wi",24,simulation; experimental,plasma_physics; machine_learning; numerical_methods; graph_neural_networks
315,15-Adjacent-Fields,arXiv:2404.14274v1 [math.NA] 22 Apr 2024Noname manuscript No.,,2024,,,"Numericalsimulationsofidealcompressiblemagnetohydro dynamic(MHD)equations are challenging, as the solutions are required to be magnetic divergence-free for general cases as well as oscillation-free for cases involving discontinuities.To overcome these diﬃculties, we develop a locally divergen ce-free oscillation-eliminating discontinuous Galerkin (LDF-OEDG) method for ideal compressibleMHD equations. In the LDF-OEDG method, the numerical soluti on is advancedin time by using a strong stabi",25,simulation,mhd; plasma_physics; nuclear_fusion; numerical_methods
321,15-Adjacent-Fields,arXiv:2405.18759v3 [physics.plasm-ph] 16 Feb 2025Ponderomotive electron physics captured in a single-ﬂuid e xtended,,2024,,,,7,experimental; simulation,z_pinch; mhd; plasma_physics; nuclear_fusion; turbulence; particle_methods
314,15-Adjacent-Fields,Published as a conference paper at ICLR 2021,,2020,,,"Mesh-based simulations are central to modeling complex physical systems inmany disciplines across science and engineering. Mesh representations sup-port powerful numerical integration methods and their resolution can be adaptedto strike favorable trade-offs between accuracy and efﬁciency. However, high-dimensional scientiﬁc simulations are very expensive to run, and solvers and pa-rameters must often be tuned individually to each system studied. Here we intro-duce M ESHGRAPH NETS, a framew",18,simulation; machine_learning,machine_learning; ai_scientific_discovery; graph_neural_networks; physics_informed_ml
341,15-Adjacent-Fields,Computer modeling of plasmas and plasma-surface interactions.,"A. Bogaerts, E. Bultinck, M. eckert, V. georgieva, M. mao, E. Neyts and L. Schwaederlé",,10.1002/ppap.200800207,,,13,experimental; simulation,plasma_physics; nuclear_fusion; uncertainty_quantification; electrode_materials; particle_methods
342,15-Adjacent-Fields,FUNDAMENTALS OF PLASMA PHYSICS,PAUL M.BELLAN,,10.1017/CBO9780511807183.007,,,36,analytical,plasma_physics
335,15-Adjacent-Fields,Particle Interactions in Plasmas,,,,,,32,experimental,plasma_physics
339,15-Adjacent-Fields,ThePrilncet;onFRC::Rot;at;i'ng-Magnet'ic-F'ield-Experilment; RFSyst;em*,,,,,,4,experimental,plasma_physics; nuclear_fusion; pulsed_power
387,16-LAPD-Dataset-Plots,Axial position (cm)0510152025Isat (mA / mm2),,2025,,,,1,,
360,16-LAPD-Dataset-Plots,Axial position (cm)510152025Isat (mA / mm2),,2025,,,,1,,
370,16-LAPD-Dataset-Plots,Bsource=1500 G (M=3.0),,2025,,,,1,,
372,16-LAPD-Dataset-Plots,z position (cm)0510152025Isat (mA / mm2)z profile at x=0 cm,,2025,,,,1,,
399,16-LAPD-Dataset-Plots,"z-score0100020003000400050006000CountsHistogram of z-scores, = 0.01",,2000,,,,1,,
401,16-LAPD-Dataset-Plots,z-score025050075010001250150017502000CountsNLL=0.5,,2000,,,,1,,
400,16-LAPD-Dataset-Plots,"z-score0500100015002000CountsHistogram of z-scores, = 1.0",,2000,,,,1,,
397,16-LAPD-Dataset-Plots,All x-axis Isat (mA / mm2)05101520All y-axis Isat (mA / mm2)x- and y-axis Isat values at equal radius,,,,,,1,,
392,16-LAPD-Dataset-Plots,Axial position (cm)123456789Isat (mA / mm2),,,,,,1,,
396,16-LAPD-Dataset-Plots,Axial position (cm)123456789Isat (mA / mm2),,,,,,1,,
347,16-LAPD-Dataset-Plots,"DR1_23, =0.01",,,,,,1,,
381,16-LAPD-Dataset-Plots,Data limits,,,,,,1,,
359,16-LAPD-Dataset-Plots,Gas puff duration (ms)0.00.20.40.60.81.01.2Isat gradient (mA mm2 / m),,,,,,1,,
382,16-LAPD-Dataset-Plots,Isat (A / mm2),,,,,,1,,
383,16-LAPD-Dataset-Plots,Isat (A / mm2),,,,,,1,,
384,16-LAPD-Dataset-Plots,Isat (A / mm2),,,,,,1,,
385,16-LAPD-Dataset-Plots,Isat (A / mm2),,,,,,1,,
386,16-LAPD-Dataset-Plots,Isat (A / mm2),,,,,,1,,
355,16-LAPD-Dataset-Plots,MSEEffect of learning rate schedules on losses,,,,,,1,,
358,16-LAPD-Dataset-Plots,Number of dataruns in training set0.0030.0040.0050.0060.007T est set loss (MSE)T est set losses vs dataset diversity,,,,,,1,,
345,16-LAPD-Dataset-Plots,PP1 -- DR1_08 wd-scan-0.01_big,,,,,,1,,
346,16-LAPD-Dataset-Plots,PP1 -- DR1_15 wd-scan-0.01_big,,,,,,1,,
348,16-LAPD-Dataset-Plots,PP1 -- DR1_33 wd-scan-0.01_big,,,,,,1,,
350,16-LAPD-Dataset-Plots,PP1 -- DR2_02 wd-scan-0.01_big,,,,,,1,,
351,16-LAPD-Dataset-Plots,PP1 -- DR2_10 wd-scan-0.01_big,,,,,,1,,
352,16-LAPD-Dataset-Plots,PP1 -- DR2_19 wd-scan-0.01_big,,,,,,1,,
353,16-LAPD-Dataset-Plots,PP1 -- DR2_31 wd-scan-0.01_big,,,,,,1,,
357,16-LAPD-Dataset-Plots,Step0.0000.0050.0100.0150.0200.0250.0300.035LossLosses (one-batch training),,,,,,1,,
367,16-LAPD-Dataset-Plots,T otal error,,,,,,1,,
349,16-LAPD-Dataset-Plots,TS-derived Isat (mA / mm2)0246810Predicted Isat (mA / mm2),,,,,,1,,
354,16-LAPD-Dataset-Plots,TS-derived Isat (mA / mm2)05101520Predicted Isat (mA / mm2),,,,,,1,,
371,16-LAPD-Dataset-Plots,Validation set number0.0000.0020.0040.0060.0080.0100.012MSEModel-averaged (not ensemble) validation set performance,,,,,,1,,
366,16-LAPD-Dataset-Plots,Weight decay105,,,,,,1,,
395,16-LAPD-Dataset-Plots,Weight decay105,,,,,,1,,
373,16-LAPD-Dataset-Plots,discharge voltage effect var only,,,,,,1,,
374,16-LAPD-Dataset-Plots,ens DR1 05 wd comparison,,,,,,,,
375,16-LAPD-Dataset-Plots,ens DR2 10 wd comparison,,,,,,,,
376,16-LAPD-Dataset-Plots,ens DR2 10 wd comparison with 0,,,,,,,,
377,16-LAPD-Dataset-Plots,extrapolation profile DR1 24 wd comparison,,,,,,1,,
378,16-LAPD-Dataset-Plots,extrapolation profile DR2 10 wd comparison,,,,,,1,,
379,16-LAPD-Dataset-Plots,extrapolation profile DR2 10 wd comparison 1,,,,,,1,,
380,16-LAPD-Dataset-Plots,extrapolation profile DR2 10 wd comparison select,,,,,,1,,
388,16-LAPD-Dataset-Plots,isat vs discharge voltage,,,,,,1,,
389,16-LAPD-Dataset-Plots,profile gas puff,,,,,,1,,
368,16-LAPD-Dataset-Plots,x (cm)0.0000.0020.0040.0060.008Isat (A / mm2),,,,,,1,,
356,16-LAPD-Dataset-Plots,"x (cm)0.0000.0050.0100.0150.020Isat (A/mm2)Predicted profiles, ports 17 and 33, datarun 08",,,,,,1,,
369,16-LAPD-Dataset-Plots,x (cm)0.002,,,,,,1,,
393,16-LAPD-Dataset-Plots,x (cm)Isat (A / mm2)NLL=0,,,,,,1,machine_learning,
394,16-LAPD-Dataset-Plots,x (cm)Isat (A / mm2)NLL=0,,,,,,1,,
362,16-LAPD-Dataset-Plots,z position (cm)0.00.20.40.60.81.01.2Isat (A/mm2)1e2,,,,,,1,,
390,16-LAPD-Dataset-Plots,z position (cm)0.250.500.751.001.251.501.75Isat (A/mm2)1e2,,,,,,1,,
391,16-LAPD-Dataset-Plots,z position (cm)0.51.01.52.0Isat (A/mm2)1e2,,,,,,1,,
364,16-LAPD-Dataset-Plots,z position (cm)05101520Isat (mA / mm2),,,,,,1,,
365,16-LAPD-Dataset-Plots,z position (cm)05101520Isat (mA / mm2),,,,,,1,,
361,16-LAPD-Dataset-Plots,z position (cm)3.54.04.55.05.56.06.5Isat (mA / mm2),,,,,,1,,
363,16-LAPD-Dataset-Plots,z position (cm)7.510.012.515.017.520.022.5Isat (mA / mm2),,,,,,1,,
398,16-LAPD-Dataset-Plots,z-axis profiles,,,,,,1,,
405,17-Archive-Unsorted,Preliminary measurements of alpha particles produced by proton-boron nuclear fusion reaction on Z-pinch type discharges,"Aneta Malinowska,Roch Kwiatkowski,Katarzyna Nowakowska-Langier,Svitlana Romaniuk,Martyna Araszkiewicz,Ryszard Miklaszewski,Marian Paduch,Piotr Czarkowski,Tomasz Chodukowski,Agnieszka Korgul,Agnieszka Kulińska",2026,10.1088/1361-6587/ae4141,,"The11B(p, α)2αfusion reaction occurring in hydrogen-boron fuel seems to be the most prom-ising, therefore it is currently being investigated in various systems such as magnetic confinementfusion, inertial confinement fusion, high-power lasers and Z-pinches (Ribeyre et al 2022 Sci. Rep.124665), (Picciotto et al 2014 Phys. Rev. X4031030–1). As this reaction does not produce neut-rons and the energy released is carried only by alpha particles, it offers the possibility of direct con-version of",8,experimental,dense_plasma_focus; z_pinch; plasma_physics; nuclear_fusion; radiation; electrode_materials
406,17-Archive-Unsorted,Modification and Numerical Modelling of Dense Plasma F ocus,,2024,,,,24,machine_learning; experimental; review,dense_plasma_focus; plasma_physics; nuclear_fusion; radiation; pulsed_power; electrode_materials; circuit_modeling
404,17-Archive-Unsorted,OpenFOAM Simulation of Microfluidic Molecular Communications: Method and Experimental Validation,,2024,,,"The convergence of microfluidics and Molecular Communication (MC) has garneredsignificant attention in the context of the emerging Internet of Bio-Nano Things (IoBNT) paradigm.Microfluidic systems offer unique capabilities for manipulating fluids at the microscale, enablingprecise control over molecular interactions. Potential IoBNT applications of microfluidic MC lie inhealthcare, environmental monitoring, and biotechnology. The MultiPhase Particle-In-Cell (MPPIC) solverin OpenFOAM was ori",19,simulation; analytical; experimental; review,nuclear_fusion; particle_methods
402,17-Archive-Unsorted,MACH2: A Two-Dimensional Magnetohydrodynamic Simulation Code for Complex Experimental Configurations.,"Frese, Michael H.",1987,,,"AMRC-R-874 0Mission Research CorporationLE MACH2: A TWO-DIMENSIONAL MAGNETOHYDRODYNAMIC SIMULATION00 CODE FOR COMPLEX EXPERIMENTAL CONFIGURATIONSO0)Michael H. FreseSeptember 1987Prepared for: AIR FORCE WEAPONS LABORATORY/AWPPKirtland Air Force BaseNew Mexico 87117DTICELECTEUnder Contract: F29601-86-C-0216 A 8Subtask 03-02/00 SA 0O8 88DHPrepared by: MISSION RESEARCH CORPORATION1720 Randolph Road, SE.Albuquerque, New Mexico 87106CLEARED FOR PUBLIC RELEASE: AFWL/PA 87-62622 Decem",96,simulation; experimental,mhd; plasma_physics; nuclear_fusion; numerical_methods
410,17-Archive-Unsorted,A More Realistic Z-pinch Snowplow Model,,,,,We introduce an extended snowplow model for Z-pinch experimentsthat accounts for partial particle entrainment and current loss duringcontraction. We applied the methods to a speciﬁc case.,9,experimental,z_pinch; plasma_physics
409,17-Archive-Unsorted,Dimensional Analysis Approach to Experiments,,,,,"The physical behavior of discharges in Z pinch devices can be com-pletely deciphered in terms of only three dimensionless parameters. Theseparameters can be arranged in a way that draw a surface in 3 Dspace.This surface compiles all the accessible information on the macroscopicphysical behavior of each possible Z pinch discharge. We analyze thepractical problems the drawing of this surface encounters and in view ofthe situation, we devote the remainder of the article to outline a feasible",18,experimental,z_pinch; plasma_physics; nuclear_fusion; electrode_materials
403,17-Archive-Unsorted,Enhanc ing P rofessional and Perso nal Development,Holly Coffin,,,,"A resume is a document that you—the jobseeker—uses to p romote your skills, abiliti es, and kn owledge to a potential employer. It uses your past experiences and accomplishm ents to position you for future opportuniti es. From an employer’s perspective, resumes are used to identify qualified candidates to invite to an interview. Resumes do not generate job offers, but well written resumes do facilitate interviews. They are a marketing tool. The resume is impo rtant, but just one of se",8,review,
408,17-Archive-Unsorted,Scaling La w for Disc harges in Z pinc h Devices,,,,,"W e consider the sno wplo w mo del for studying disc harges in Z pinc hdevices. In this con text, to obtain a complete picture on the ph ysics ofthose disc harges, w e replenish the term disregarded in the original form u-lation of the sno wplo w equations. This is, w e no w consider not only themagnetic force in w ard on the curren t sheath but w e tak e in to accoun t alsoa force out w ard on it. Suc h a force results from the kinetic pressure of thegas o ccluded b y the curren t sheath.",42,,plasma_physics; nuclear_fusion; radiation
407,17-Archive-Unsorted,sfepy-run --save-ebc sfepy/examples/diffusion/poisson_short_syntax.py # -> produces an additional .vtk file with BC visualization,,,,,,3,simulation,nuclear_fusion
